date,packageId,granuleId,title,filename,status
2026-04-21,CREC-2026-04-21,CREC-2026-04-21-pt1-PgH3005-6,RESIGNATION AS MEMBER OF COMMITTEE ON FOREIGN AFFAIRS,CREC-2026-04-21-pt1-PgH3005-6.html,downloaded
2026-04-15,CREC-2026-04-15,CREC-2026-04-15-pt1-PgH2891-5,RESIGNATION AS MEMBER OF COMMITTEE ON TRANSPORTATION AND INFRASTRUCTURE,CREC-2026-04-15-pt1-PgH2891-5.html,downloaded
2026-03-25,CREC-2026-03-25,CREC-2026-03-25-pt1-PgH2687-5,RESIGNATION AS MEMBER OF COMMITTEE ON SMALL BUSINESS,CREC-2026-03-25-pt1-PgH2687-5.html,downloaded
2026-03-25,CREC-2026-03-25,CREC-2026-03-25-pt1-PgH2687-6,"RESIGNATION AS MEMBER OF COMMITTEE ON SCIENCE, SPACE, AND TECHNOLOGY",CREC-2026-03-25-pt1-PgH2687-6.html,downloaded
2026-03-25,CREC-2026-03-25,CREC-2026-03-25-pt1-PgH2687-7,RESIGNATION AS MEMBER OF COMMITTEE ON SMALL BUSINESS,CREC-2026-03-25-pt1-PgH2687-7.html,downloaded
2026-03-25,CREC-2026-03-25,CREC-2026-03-25-pt1-PgH2687-8,RESIGNATION AS MEMBER OF COMMITTEE ON FOREIGN AFFAIRS,CREC-2026-03-25-pt1-PgH2687-8.html,downloaded
2026-02-09,CREC-2026-02-09,CREC-2026-02-09-pt1-PgH2082,"RESIGNATION AS MEMBER OF COMMITTEE ON SCIENCE, SPACE, AND TECHNOLOGY",CREC-2026-02-09-pt1-PgH2082.html,downloaded
2026-02-02,CREC-2026-02-02,CREC-2026-02-02-pt1-PgH1935,RESIGNATION AS MEMBER OF COMMITTEE ON SMALL BUSINESS,CREC-2026-02-02-pt1-PgH1935.html,downloaded
2024-09-18,CREC-2024-09-18,CREC-2024-09-18-pt1-PgH5354,RESIGNATION AS MEMBER OF COMMITTEE ON FINANCIAL SERVICES,CREC-2024-09-18-pt1-PgH5354.html,downloaded
2026-01-06,CREC-2026-01-06,CREC-2026-01-06-pt1-PgH4-9,RESIGNATION AS MEMBER OF COMMITTEE ON ETHICS,CREC-2026-01-06-pt1-PgH4-9.html,downloaded
2019-02-13,CREC-2019-02-13,CREC-2019-02-13-pt1-PgH1558,RESIGNATION AS MEMBER OF COMMITTEE ON RULES,CREC-2019-02-13-pt1-PgH1558.html,downloaded
2023-12-06,CREC-2023-12-06,CREC-2023-12-06-pt1-PgH6197,RESIGNATION AS MEMBER OF COMMITTEE ON TRANSPORTATION AND INFRASTRUCTURE,CREC-2023-12-06-pt1-PgH6197.html,downloaded
2023-12-06,CREC-2023-12-06,CREC-2023-12-06-pt1-PgH6197-2,RESIGNATION AS MEMBER OF COMMITTEE ON OVERSIGHT AND ACCOUNTABILITY,CREC-2023-12-06-pt1-PgH6197-2.html,downloaded
2023-12-06,CREC-2023-12-06,CREC-2023-12-06-pt1-PgH6197-3,RESIGNATIONS AS MEMBER OF COMMITTEE ON TRANSPORTATION AND INFRASTRUCTURE AND COMMITTEE ON THE BUDGET,CREC-2023-12-06-pt1-PgH6197-3.html,downloaded
2023-12-06,CREC-2023-12-06,CREC-2023-12-06-pt1-PgH6197-4,RESIGNATION AS MEMBER OF COMMITTEE ON OVERSIGHT AND ACCOUNTABILITY,CREC-2023-12-06-pt1-PgH6197-4.html,downloaded
2025-03-31,CREC-2025-03-31,CREC-2025-03-31-pt1-PgH1356,RESIGNATION AS MEMBER OF COMMITTEE ON EDUCATION AND WORKFORCE,CREC-2025-03-31-pt1-PgH1356.html,downloaded
2025-11-17,CREC-2025-11-17,CREC-2025-11-17-pt1-PgH4675-7,RESIGNATION AS MEMBER OF COMMITTEE ON EDUCATION AND WORKFORCE,CREC-2025-11-17-pt1-PgH4675-7.html,downloaded
2025-11-18,CREC-2025-11-18,CREC-2025-11-18-pt1-PgH4718-3,RESIGNATION AS MEMBER OF COMMITTEE ON NATURAL RESOURCES,CREC-2025-11-18-pt1-PgH4718-3.html,downloaded
2025-11-12,CREC-2025-11-12,CREC-2025-11-12-pt1-PgH4664,RESIGNATION AS MEMBER OF COMMITTEE ON ARMED SERVICES AND SELECT COMMITTEE ON COMPETITION BETWEEN THE UNITED STATES AND THE CHINESE COMMUNIST PARTY,CREC-2025-11-12-pt1-PgH4664.html,downloaded
1995-02-16,CREC-1995-02-16,CREC-1995-02-16-pt1-PgH1891-2,RESIGNATION AS MEMBER AND ELECTION OF MEMBER OF COMMITTEE ON VETERANS' AFFAIRS,CREC-1995-02-16-pt1-PgH1891-2.html,downloaded
1995-06-13,CREC-1995-06-13,CREC-1995-06-13-pt1-PgH5776-5,RESIGNATION AS MEMBER OF COMMITTEE ON SMALL BUSINESS,CREC-1995-06-13-pt1-PgH5776-5.html,downloaded
1996-01-25,CREC-1996-01-25,CREC-1996-01-25-pt1-PgH901-4,RESIGNATION AS MEMBER OF COMMITTEE ON INTERNATIONAL RELATIONS,CREC-1996-01-25-pt1-PgH901-4.html,downloaded
1996-02-01,CREC-1996-02-01,CREC-1996-02-01-pt1-PgH1200-4,RESIGNATION AS MEMBER AND ELECTION AS MEMBER OF COMMITTEE ON THE BUDGET,CREC-1996-02-01-pt1-PgH1200-4.html,downloaded
1996-02-28,CREC-1996-02-28,CREC-1996-02-28-pt1-PgH1414,RESIGNATION AS MEMBER OF COMMITTEE ON GOVERNMENT REFORM AND OVERSIGHT,CREC-1996-02-28-pt1-PgH1414.html,downloaded
1996-02-28,CREC-1996-02-28,CREC-1996-02-28-pt1-PgH1414-2,RESIGNATION AS MEMBER OF COMMITTEE ON AGRICULTURE,CREC-1996-02-28-pt1-PgH1414-2.html,downloaded
1996-03-05,CREC-1996-03-05,CREC-1996-03-05-pt1-PgH1699-4,RESIGNATION AS MEMBER OF COMMITTEE ON SMALL BUSINESS,CREC-1996-03-05-pt1-PgH1699-4.html,downloaded
1996-03-07,CREC-1996-03-07,CREC-1996-03-07-pt1-PgH1981,RESIGNATION AS MEMBER AND APPOINTMENT AS MEMBER OF JOINT ECONOMIC COMMITTEE,CREC-1996-03-07-pt1-PgH1981.html,downloaded
1996-03-14,CREC-1996-03-14,CREC-1996-03-14-pt1-PgH2305-2,RESIGNATION AS MEMBER OF COMMITTEE ON THE JUDICIARY,CREC-1996-03-14-pt1-PgH2305-2.html,downloaded
1996-04-22,CREC-1996-04-22,CREC-1996-04-22-pt1-PgH3655-9,RESIGNATION AS MEMBER OF COMMITTEE ON ECONOMIC AND EDUCATIONAL OPPORTUNITIES AND COMMITTEE ON INTERNATIONAL RELATIONS,CREC-1996-04-22-pt1-PgH3655-9.html,downloaded
1996-04-22,CREC-1996-04-22,CREC-1996-04-22-pt1-PgH3656,RESIGNATION AS MEMBER OF COMMITTEE ON SMALL BUSINESS,CREC-1996-04-22-pt1-PgH3656.html,downloaded
1996-04-25,CREC-1996-04-25,CREC-1996-04-25-pt1-PgH3824,RESIGNATION AS MEMBER OF COMMITTEE ON VETERANS' AFFAIRS,CREC-1996-04-25-pt1-PgH3824.html,downloaded
1996-05-01,CREC-1996-05-01,CREC-1996-05-01-pt1-PgH4367-5,RESIGNATION AS MEMBER OF COMMITTEE ON THE BUDGET,CREC-1996-05-01-pt1-PgH4367-5.html,downloaded
1996-06-05,CREC-1996-06-05,CREC-1996-06-05-pt1-PgH5921-3,RESIGNATION AS MEMBER OF COMMITTEE ON SMALL BUSINESS,CREC-1996-06-05-pt1-PgH5921-3.html,downloaded
1996-06-25,CREC-1996-06-25,CREC-1996-06-25-pt2-PgH6845,RESIGNATION AS MEMBER OF COMMITTEE ON GOVERNMENT REFORM AND OVERSIGHT,CREC-1996-06-25-pt2-PgH6845.html,downloaded
1996-09-05,CREC-1996-09-05,CREC-1996-09-05-pt1-PgH10048-2,RESIGNATION AS MEMBER OF COMMITTEE ON SMALL BUSINESS,CREC-1996-09-05-pt1-PgH10048-2.html,downloaded
1997-01-21,CREC-1997-01-21,CREC-1997-01-21-pt1-PgH235-3,RESIGNATION AS MEMBER OF COMMITTEE ON VETERANS' AFFAIRS,CREC-1997-01-21-pt1-PgH235-3.html,downloaded
1997-02-05,CREC-1997-02-05,CREC-1997-02-05-pt1-PgH290,RESIGNATION AS MEMBER OF COMMITTEE ON GOVERNMENT REFORM AND OVERSIGHT,CREC-1997-02-05-pt1-PgH290.html,downloaded
1997-02-05,CREC-1997-02-05,CREC-1997-02-05-pt1-PgH298-4,RESIGNATION AS MEMBER OF COMMITTEE ON RESOURCES,CREC-1997-02-05-pt1-PgH298-4.html,downloaded
1997-02-05,CREC-1997-02-05,CREC-1997-02-05-pt1-PgH298-5,RESIGNATION AS MEMBER OF COMMITTEE ON GOVERNMENT REFORM AND OVERSIGHT,CREC-1997-02-05-pt1-PgH298-5.html,downloaded
1997-02-06,CREC-1997-02-06,CREC-1997-02-06-pt1-PgH351-8,RESIGNATION FROM COMMITTEE ON THE BUDGET,CREC-1997-02-06-pt1-PgH351-8.html,downloaded
1997-02-10,CREC-1997-02-10,CREC-1997-02-10-pt1-PgH395-8,RESIGNATION AS MEMBER OF COMMITTEE ON VETERANS' AFFAIRS,CREC-1997-02-10-pt1-PgH395-8.html,downloaded
1997-02-25,CREC-1997-02-25,CREC-1997-02-25-pt1-PgH596-6,RESIGNATION AS MEMBER OF COMMITTEE ON BANKING AND FINANCIAL SERVICES,CREC-1997-02-25-pt1-PgH596-6.html,downloaded
1997-02-27,CREC-1997-02-27,CREC-1997-02-27-pt1-PgH675-4,RESIGNATION AS MEMBER OF COMMITTEE ON BANKING AND FINANCIAL SERVICES,CREC-1997-02-27-pt1-PgH675-4.html,downloaded
1997-03-06,CREC-1997-03-06,CREC-1997-03-06-pt1-PgH774-4,RESIGNATION AS MEMBER OF COMMITTEE ON EDUCATION AND THE WORKFORCE,CREC-1997-03-06-pt1-PgH774-4.html,downloaded
1997-03-06,CREC-1997-03-06,CREC-1997-03-06-pt1-PgH778-5,RESIGNATION AS MEMBER OF COMMITTEE ON INTERNATIONAL RELATIONS,CREC-1997-03-06-pt1-PgH778-5.html,downloaded
1997-03-06,CREC-1997-03-06,CREC-1997-03-06-pt1-PgH795,RESIGNATION AS MEMBER OF PERMANENT SELECT COMMITTEE ON INTELLIGENCE,CREC-1997-03-06-pt1-PgH795.html,downloaded
1997-03-11,CREC-1997-03-11,CREC-1997-03-11-pt1-PgH818-7,RESIGNATION AS MEMBER OF COMMITTEE ON SMALL BUSINESS,CREC-1997-03-11-pt1-PgH818-7.html,downloaded
1997-03-19,CREC-1997-03-19,CREC-1997-03-19-pt1-PgH1115-2,RESIGNATION AS MEMBER OF COMMITTEE ON GOVERNMENT REFORM AND OVERSIGHT,CREC-1997-03-19-pt1-PgH1115-2.html,downloaded
1997-04-15,CREC-1997-04-15,CREC-1997-04-15-pt1-PgH1506,RESIGNATION AS MEMBER OF COMMITTEE ON SMALL BUSINESS,CREC-1997-04-15-pt1-PgH1506.html,downloaded
1997-05-22,CREC-1997-05-22,CREC-1997-05-22-pt1-PgH3196-11,RESIGNATION AS MEMBER OF JOINT ECONOMIC COMMITTEE,CREC-1997-05-22-pt1-PgH3196-11.html,downloaded
1997-09-05,CREC-1997-09-05,CREC-1997-09-05-pt1-PgH6949-2,RESIGNATION AS MEMBER OF COMMITTEE ON THE BUDGET,CREC-1997-09-05-pt1-PgH6949-2.html,downloaded
2015-04-22,CREC-2015-04-22,CREC-2015-04-22-pt1-PgH2381,RESIGNATION AS MEMBER OF COMMITTEE ON NATURAL RESOURCES,CREC-2015-04-22-pt1-PgH2381.html,downloaded
1997-11-13,CREC-1997-11-13,CREC-1997-11-13-pt1-PgH10793-2,RESIGNATION AS MEMBER OF COMMITTEE ON TRANSPORTATION AND INFRASTRUCTURE AND COMMITTEE ON SCIENCE,CREC-1997-11-13-pt1-PgH10793-2.html,downloaded
1997-11-13,CREC-1997-11-13,CREC-1997-11-13-pt2-PgH10918-4,RESIGNATION AS MEMBER OF COMMITTEE ON GOVERNMENT REFORM AND OVERSIGHT,CREC-1997-11-13-pt2-PgH10918-4.html,downloaded
1998-03-27,CREC-1998-03-27,CREC-1998-03-27-pt1-PgH1682,RESIGNATION AS MEMBER OF COMMITTEE ON SMALL BUSINESS,CREC-1998-03-27-pt1-PgH1682.html,downloaded
1998-03-30,CREC-1998-03-30,CREC-1998-03-30-pt1-PgH1767-3,RESIGNATION AS MEMBER OF COMMITTEE ON SMALL BUSINESS,CREC-1998-03-30-pt1-PgH1767-3.html,downloaded
1998-04-29,CREC-1998-04-29,CREC-1998-04-29-pt1-PgH2510-4,RESIGNATION AS MEMBER OF COMMITTEE ON BANKING AND FINANCIAL SERVICES,CREC-1998-04-29-pt1-PgH2510-4.html,downloaded
1998-05-05,CREC-1998-05-05,CREC-1998-05-05-pt1-PgH2753-3,RESIGNATION AS MEMBER OF COMMITTEE ON SCIENCE,CREC-1998-05-05-pt1-PgH2753-3.html,downloaded
1998-06-24,CREC-1998-06-24,CREC-1998-06-24-pt1-PgH5252-4,RESIGNATION AS MEMBER OF COMMITTEE ON SCIENCE,CREC-1998-06-24-pt1-PgH5252-4.html,downloaded
1998-06-24,CREC-1998-06-24,CREC-1998-06-24-pt1-PgH5252-5,RESIGNATION AS MEMBER OF COMMITTEE ON SMALL BUSINESS,CREC-1998-06-24-pt1-PgH5252-5.html,downloaded
1999-01-19,CREC-1999-01-19,CREC-1999-01-19-pt1-PgH249-3,RESIGNATION AS MEMBER OF COMMITTEE ON GOVERNMENT REFORM,CREC-1999-01-19-pt1-PgH249-3.html,downloaded
1999-01-19,CREC-1999-01-19,CREC-1999-01-19-pt1-PgH257-5,RESIGNATION AS MEMBER OF COMMITTEE ON THE BUDGET,CREC-1999-01-19-pt1-PgH257-5.html,downloaded
1999-02-03,CREC-1999-02-03,CREC-1999-02-03-pt1-PgH399-4,RESIGNATION AS MEMBER OF COMMITTEE ON SCIENCE,CREC-1999-02-03-pt1-PgH399-4.html,downloaded
1999-02-23,CREC-1999-02-23,CREC-1999-02-23-pt1-PgH663-8,RESIGNATION AS MEMBER OF COMMITTEE ON SMALL BUSINESS,CREC-1999-02-23-pt1-PgH663-8.html,downloaded
1999-02-24,CREC-1999-02-24,CREC-1999-02-24-pt1-PgH771,RESIGNATION AS MEMBER OF COMMITTEE ON SCIENCE,CREC-1999-02-24-pt1-PgH771.html,downloaded
1999-02-24,CREC-1999-02-24,CREC-1999-02-24-pt1-PgH771-2,RESIGNATION AS MEMBER OF COMMITTEE ON RESOURCES,CREC-1999-02-24-pt1-PgH771-2.html,downloaded
1999-03-02,CREC-1999-03-02,CREC-1999-03-02-pt1-PgH838-2,RESIGNATION AS MEMBER OF COMMITTEE ON SCIENCE,CREC-1999-03-02-pt1-PgH838-2.html,downloaded
1999-03-04,CREC-1999-03-04,CREC-1999-03-04-pt1-PgH986-5,RESIGNATION AS MEMBER OF COMMITTEE ON THE JUDICIARY,CREC-1999-03-04-pt1-PgH986-5.html,downloaded
1999-03-04,CREC-1999-03-04,CREC-1999-03-04-pt1-PgH1009-2,RESIGNATION AS MEMBER OF COMMITTEE ON GOVERNMENT REFORM,CREC-1999-03-04-pt1-PgH1009-2.html,downloaded
1999-03-11,CREC-1999-03-11,CREC-1999-03-11-pt1-PgH1175-5,RESIGNATION AS MEMBER OF COMMITTEE ON VETERANS' AFFAIRS,CREC-1999-03-11-pt1-PgH1175-5.html,downloaded
1999-04-12,CREC-1999-04-12,CREC-1999-04-12-pt1-PgH1808,RESIGNATION AS MEMBER OF COMMITTEE ON SMALL BUSINESS,CREC-1999-04-12-pt1-PgH1808.html,downloaded
1999-08-05,CREC-1999-08-05,CREC-1999-08-05-pt2-PgH7432-4,RESIGNATION AS MEMBER OF COMMITTEE ON APPROPRIATIONS,CREC-1999-08-05-pt2-PgH7432-4.html,downloaded
1999-08-05,CREC-1999-08-05,CREC-1999-08-05-pt2-PgH7432-5,RESIGNATION AS MEMBER OF COMMITTEE ON BANKING AND FINANCIAL SERVICES,CREC-1999-08-05-pt2-PgH7432-5.html,downloaded
1999-11-02,CREC-1999-11-02,CREC-1999-11-02-pt1-PgH11341-3,RESIGNATION AS MEMBER OF COMMITTEE ON BANKING AND FINANCIAL SERVICES,CREC-1999-11-02-pt1-PgH11341-3.html,downloaded
1999-11-18,CREC-1999-11-18,CREC-1999-11-18-pt2-PgH12835-7,"AUTHORIZING SPEAKER TO ACCEPT RESIGNATIONS, APPOINT COMMISSIONS, BOARDS AND COMMITTEES NOTWITHSTANDING SINE DIE ADJOURNMENT",CREC-1999-11-18-pt2-PgH12835-7.html,downloaded
2000-02-01,CREC-2000-02-01,CREC-2000-02-01-pt1-PgH128-4,RESIGNATION AS MEMBER OF COMMITTEE ON APPROPRIATIONS,CREC-2000-02-01-pt1-PgH128-4.html,downloaded
2000-07-27,CREC-2000-07-27,CREC-2000-07-27-pt2-PgH7176-6,RESIGNATION AS MEMBER OF COMMITTEE ON HOUSE ADMINISTRATION,CREC-2000-07-27-pt2-PgH7176-6.html,downloaded
2001-01-30,CREC-2001-01-30,CREC-2001-01-30-pt1-PgH77-8,RESIGNATION AS MEMBER OF COMMITTEE ON GOVERNMENT REFORM,CREC-2001-01-30-pt1-PgH77-8.html,downloaded
2001-02-08,CREC-2001-02-08,CREC-2001-02-08-pt1-PgH228-3,RESIGNATION AS MEMBER OF HOUSE PERMANENT SELECT COMMITTEE ON INTELLIGENCE,CREC-2001-02-08-pt1-PgH228-3.html,downloaded
2001-02-08,CREC-2001-02-08,CREC-2001-02-08-pt1-PgH228-4,RESIGNATION AS MEMBER OF COMMITTEE ON TRANSPORTATION AND INFRASTRUCTURE,CREC-2001-02-08-pt1-PgH228-4.html,downloaded
2001-02-08,CREC-2001-02-08,CREC-2001-02-08-pt1-PgH228-5,RESIGNATION AS MEMBER OF COMMITTEE ON RESOURCES,CREC-2001-02-08-pt1-PgH228-5.html,downloaded
2001-02-08,CREC-2001-02-08,CREC-2001-02-08-pt1-PgH228-6,RESIGNATION AS MEMBER OF COMMITTEE ON SCIENCE,CREC-2001-02-08-pt1-PgH228-6.html,downloaded
2001-02-08,CREC-2001-02-08,CREC-2001-02-08-pt1-PgH228-7,RESIGNATION AS MEMBER OF COMMITTEE ON GOVERNMENT REFORM,CREC-2001-02-08-pt1-PgH228-7.html,downloaded
2001-02-08,CREC-2001-02-08,CREC-2001-02-08-pt1-PgH228-8,RESIGNATION AS MEMBER OF COMMITTEE ON TRANSPORTATION AND INFRASTRUCTURE,CREC-2001-02-08-pt1-PgH228-8.html,downloaded
2001-02-08,CREC-2001-02-08,CREC-2001-02-08-pt1-PgH228-9,RESIGNATION AS MEMBER OF COMMITTEE ON AGRICULTURE AND COMMITTEE ON RESOURCES,CREC-2001-02-08-pt1-PgH228-9.html,downloaded
2001-02-08,CREC-2001-02-08,CREC-2001-02-08-pt1-PgH228-10,RESIGNATION AS MEMBER OF COMMITTEE ON SCIENCE AND COMMITTEE ON VETERANS' AFFAIRS,CREC-2001-02-08-pt1-PgH228-10.html,downloaded
2001-02-08,CREC-2001-02-08,CREC-2001-02-08-pt1-PgH228-11,RESIGNATION AS MEMBER OF COMMITTEE ON INTERNATIONAL RELATIONS AND COMMITTEE ON THE JUDICIARY,CREC-2001-02-08-pt1-PgH228-11.html,downloaded
2001-02-08,CREC-2001-02-08,CREC-2001-02-08-pt1-PgH229,RESIGNATION AS MEMBER OF COMMITTEE ON EDUCATION AND THE WORKFORCE AND COMMITTEE ON GOVERNMENT REFORM,CREC-2001-02-08-pt1-PgH229.html,downloaded
2001-02-08,CREC-2001-02-08,CREC-2001-02-08-pt1-PgH229-2,RESIGNATION AS MEMBER OF COMMITTEE ON SCIENCE,CREC-2001-02-08-pt1-PgH229-2.html,downloaded
2001-02-08,CREC-2001-02-08,CREC-2001-02-08-pt1-PgH229-3,RESIGNATION AS MEMBER OF COMMITTEE ON SMALL BUSINESS,CREC-2001-02-08-pt1-PgH229-3.html,downloaded
2001-02-08,CREC-2001-02-08,CREC-2001-02-08-pt1-PgH229-4,RESIGNATION AS MEMBER OF COMMITTEE ON GOVERNMENT REFORM,CREC-2001-02-08-pt1-PgH229-4.html,downloaded
2001-02-08,CREC-2001-02-08,CREC-2001-02-08-pt1-PgH232,RESIGNATION AS MEMBER OF COMMITTEE ON RESOURCES,CREC-2001-02-08-pt1-PgH232.html,downloaded
2001-02-28,CREC-2001-02-28,CREC-2001-02-28-pt1-PgH463,RESIGNATION AS MEMBER OF COMMITTEE ON THE BUDGET,CREC-2001-02-28-pt1-PgH463.html,downloaded
2001-02-28,CREC-2001-02-28,CREC-2001-02-28-pt1-PgH463-2,RESIGNATION AS MEMBER OF COMMITTEE ON SMALL BUSINESS,CREC-2001-02-28-pt1-PgH463-2.html,downloaded
2001-02-28,CREC-2001-02-28,CREC-2001-02-28-pt1-PgH463-3,RESIGNATION AS MEMBER OF COMMITTEE ON SMALL BUSINESS,CREC-2001-02-28-pt1-PgH463-3.html,downloaded
2001-03-07,CREC-2001-03-07,CREC-2001-03-07-pt1-PgH708,"RESIGNATION AS MEMBER OF COMMITTEES ON RESOURCES, ARMED SERVICES, AND TRANSPORTATION AND INFRASTRUCTURE",CREC-2001-03-07-pt1-PgH708.html,downloaded
2001-03-07,CREC-2001-03-07,CREC-2001-03-07-pt1-PgH708-2,RESIGNATION AS MEMBER OF COMMITTEE ON THE BUDGET,CREC-2001-03-07-pt1-PgH708-2.html,downloaded
2001-03-07,CREC-2001-03-07,CREC-2001-03-07-pt1-PgH708-3,RESIGNATION AS MEMBER OF COMMITTEE ON THE BUDGET,CREC-2001-03-07-pt1-PgH708-3.html,downloaded
2001-04-26,CREC-2001-04-26,CREC-2001-04-26-pt1-PgH1610-5,RESIGNATION AS MEMBER OF COMMITTEE ON VETERANS' AFFAIRS,CREC-2001-04-26-pt1-PgH1610-5.html,downloaded
2001-06-07,CREC-2001-06-07,CREC-2001-06-07-pt1-PgH2980,RESIGNATION AS MEMBER OF COMMITTEE ON SCIENCE,CREC-2001-06-07-pt1-PgH2980.html,downloaded
2001-06-19,CREC-2001-06-19,CREC-2001-06-19-pt1-PgH3229-6,RESIGNATION AS MEMBER OF COMMITTEE ON RULES,CREC-2001-06-19-pt1-PgH3229-6.html,downloaded
2001-06-19,CREC-2001-06-19,CREC-2001-06-19-pt1-PgH3229-7,RESIGNATION AS MEMBER OF COMMITTEE ON INTERNATIONAL RELATIONS,CREC-2001-06-19-pt1-PgH3229-7.html,downloaded
2001-06-20,CREC-2001-06-20,CREC-2001-06-20-pt1-PgH3348-2,RESIGNATION AS MEMBER OF COMMITTEE ON VETERANS' AFFAIRS,CREC-2001-06-20-pt1-PgH3348-2.html,downloaded
2001-07-11,CREC-2001-07-11,CREC-2001-07-11-pt1-PgH3927,RESIGNATION AS MEMBER OF COMMITTEE ON STANDARDS OF OFFICIAL CONDUCT,CREC-2001-07-11-pt1-PgH3927.html,downloaded
2001-08-01,CREC-2001-08-01,CREC-2001-08-01-pt2-PgH5176,RESIGNATION AS MEMBER AND ELECTION AS MEMBER OF COMMITTEE ON STANDARDS OF OFFICIAL CONDUCT,CREC-2001-08-01-pt2-PgH5176.html,downloaded
2005-01-26,CREC-2005-01-26,CREC-2005-01-26-pt1-PgH228,RESIGNATION AS A MEMBER OF HOUSE COMMITTEE ON INTERNATIONAL RELATIONS,CREC-2005-01-26-pt1-PgH228.html,downloaded
2005-01-26,CREC-2005-01-26,CREC-2005-01-26-pt1-PgH229,RESIGNATION AS MEMBER OF COMMITTEE ON VETERANS' AFFAIRS,CREC-2005-01-26-pt1-PgH229.html,downloaded
2005-02-02,CREC-2005-02-02,CREC-2005-02-02-pt1-PgH317,RESIGNATION AS MEMBER OF COMMITTEE ON GOVERNMENT REFORM,CREC-2005-02-02-pt1-PgH317.html,downloaded
2005-02-02,CREC-2005-02-02,CREC-2005-02-02-pt1-PgH317-2,RESIGNATION AS MEMBER OF COMMITTEE ON AGRICULTURE,CREC-2005-02-02-pt1-PgH317-2.html,downloaded
2005-02-02,CREC-2005-02-02,CREC-2005-02-02-pt1-PgH344-5,RESIGNATION AS MEMBER OF COMMITTEE ON RESOURCES,CREC-2005-02-02-pt1-PgH344-5.html,downloaded
2005-02-09,CREC-2005-02-09,CREC-2005-02-09-pt1-PgH419,RESIGNATION AS MEMBER OF COMMITTEE ON TRANSPORTATION AND INFRASTRUCTURE,CREC-2005-02-09-pt1-PgH419.html,downloaded
2005-02-09,CREC-2005-02-09,CREC-2005-02-09-pt1-PgH419-2,RESIGNATION AS MEMBER OF COMMITTEE ON GOVERNMENT REFORM,CREC-2005-02-09-pt1-PgH419-2.html,downloaded
2005-02-09,CREC-2005-02-09,CREC-2005-02-09-pt1-PgH437,RESIGNATION AS MEMBER OF COMMITTEE ON VETERANS' AFFAIRS,CREC-2005-02-09-pt1-PgH437.html,downloaded
2005-02-16,CREC-2005-02-16,CREC-2005-02-16-pt1-PgH664,RESIGNATION AS MEMBER OF COMMITTEE ON SCIENCE,CREC-2005-02-16-pt1-PgH664.html,downloaded
2005-06-08,CREC-2005-06-08,CREC-2005-06-08-pt1-PgH4208,RESIGNATION AS MEMBER OF COMMITTEE ON THE JUDICIARY,CREC-2005-06-08-pt1-PgH4208.html,downloaded
2005-09-26,CREC-2005-09-26,CREC-2005-09-26-pt1-PgH8345-7,RESIGNATION AS MEMBER AND APPOINTMENT OF MEMBER TO SELECT BIPARTISAN COMMITTEE TO INVESTIGATE THE PREPARATION FOR AND RESPONSE TO HURRICANE KATRINA,CREC-2005-09-26-pt1-PgH8345-7.html,downloaded
2005-10-07,CREC-2005-10-07,CREC-2005-10-07-pt1-PgH8799,RESIGNATION AS MEMBER OF COMMITTEE ON GOVERNMENT REFORM,CREC-2005-10-07-pt1-PgH8799.html,downloaded
2005-10-26,CREC-2005-10-26,CREC-2005-10-26-pt1-PgH9188,RESIGNATION AS MEMBER OF COMMITTEE ON ENERGY AND COMMERCE,CREC-2005-10-26-pt1-PgH9188.html,downloaded
2006-02-01,CREC-2006-02-01,CREC-2006-02-01-pt1-PgH114-2,RESIGNATION AS CHAIRMAN AND ELECTION AS CHAIRMAN OF COMMITTEE ON HOUSE ADMINISTRATION,CREC-2006-02-01-pt1-PgH114-2.html,downloaded
2006-02-07,CREC-2006-02-07,CREC-2006-02-07-pt1-PgH159,RESIGNATION AS CHAIRMAN OF COMMITTEE ON EDUCATION AND THE WORKFORCE,CREC-2006-02-07-pt1-PgH159.html,downloaded
2006-02-07,CREC-2006-02-07,CREC-2006-02-07-pt1-PgH159-4,RESIGNATION AS MEMBER OF COMMITTEE ON ENERGY AND COMMERCE,CREC-2006-02-07-pt1-PgH159-4.html,downloaded
2006-02-08,CREC-2006-02-08,CREC-2006-02-08-pt1-PgH164-6,RESIGNATION AS MEMBER OF COMMITTEE ON THE BUDGET,CREC-2006-02-08-pt1-PgH164-6.html,downloaded
2006-02-08,CREC-2006-02-08,CREC-2006-02-08-pt1-PgH192-2,RESIGNATION AS MEMBER OF COMMITTEE ON FINANCIAL SERVICES,CREC-2006-02-08-pt1-PgH192-2.html,downloaded
2006-02-16,CREC-2006-02-16,CREC-2006-02-16-pt1-PgH371,RESIGNATION AS MEMBER OF COMMITTEE ON SCIENCE,CREC-2006-02-16-pt1-PgH371.html,downloaded
2006-02-28,CREC-2006-02-28,CREC-2006-02-28-pt1-PgH393-2,RESIGNATION AS MEMBER OF COMMITTEE ON EDUCATION AND THE WORKFORCE,CREC-2006-02-28-pt1-PgH393-2.html,downloaded
2006-04-25,CREC-2006-04-25,CREC-2006-04-25-pt1-PgH1701,RESIGNATION AS MEMBER OF COMMITTEE ON STANDARDS OF OFFICIAL CONDUCT,CREC-2006-04-25-pt1-PgH1701.html,downloaded
2006-06-08,CREC-2006-06-08,CREC-2006-06-08-pt1-PgH3548-2,RESIGNATION AS MEMBER OF COMMITTEE ON APPROPRIATIONS,CREC-2006-06-08-pt1-PgH3548-2.html,downloaded
2006-06-29,CREC-2006-06-29,CREC-2006-06-29-pt2-PgH4893-2,RESIGNATION AS MEMBER OF COMMITTEE ON ARMED SERVICES,CREC-2006-06-29-pt2-PgH4893-2.html,downloaded
2007-01-18,CREC-2007-01-18,CREC-2007-01-18-pt1-PgH730-3,RESIGNATION AS MEMBER OF COMMITTEE ON ARMED SERVICES,CREC-2007-01-18-pt1-PgH730-3.html,downloaded
2007-02-16,CREC-2007-02-16,CREC-2007-02-16-pt1-PgH1861-4,RESIGNATION AS MEMBER OF COMMITTEE ON THE BUDGET,CREC-2007-02-16-pt1-PgH1861-4.html,downloaded
2007-03-09,CREC-2007-03-09,CREC-2007-03-09-pt1-PgH2377-5,RESIGNATION AS MEMBER OF COMMITTEE ON TRANSPORTATION AND INFRASTRUCTURE,CREC-2007-03-09-pt1-PgH2377-5.html,downloaded
2007-03-09,CREC-2007-03-09,CREC-2007-03-09-pt1-PgH2381-3,RESIGNATION AS MEMBER OF COMMITTEE ON EDUCATION AND LABOR,CREC-2007-03-09-pt1-PgH2381-3.html,downloaded
2007-03-12,CREC-2007-03-12,CREC-2007-03-12-pt1-PgH2420-2,RESIGNATION AS MEMBER OF COMMITTEES ON HOMELAND SECURITY AND FINANCIAL SERVICES,CREC-2007-03-12-pt1-PgH2420-2.html,downloaded
2007-04-20,CREC-2007-04-20,CREC-2007-04-20-pt1-PgH3721-6,RESIGNATION AS MEMBER OF COMMITTEE ON APPROPRIATIONS,CREC-2007-04-20-pt1-PgH3721-6.html,downloaded
2007-04-23,CREC-2007-04-23,CREC-2007-04-23-pt1-PgH3741,RESIGNATION AS MEMBER OF PERMANENT SELECT COMMITTEE ON INTELLIGENCE,CREC-2007-04-23-pt1-PgH3741.html,downloaded
2007-04-25,CREC-2007-04-25,CREC-2007-04-25-pt1-PgH4053-7,RESIGNATION AS MEMBER OF COMMITTEE ON NATURAL RESOURCES AND AS MEMBER OF COMMITTEE ON FINANCIAL SERVICES,CREC-2007-04-25-pt1-PgH4053-7.html,downloaded
2007-05-15,CREC-2007-05-15,CREC-2007-05-15-pt1-PgH5043-2,RESIGNATION AS MEMBER OF COMMITTEE ON THE BUDGET AND COMMITTEE ON FOREIGN AFFAIRS,CREC-2007-05-15-pt1-PgH5043-2.html,downloaded
2007-05-16,CREC-2007-05-16,CREC-2007-05-16-pt1-PgH5060,"RESIGNATION AS MEMBER OF COMMITTEE ON ARMED SERVICES, COMMITTEE ON SCIENCE AND TECHNOLOGY AND COMMITTEE ON NATURAL RESOURCES",CREC-2007-05-16-pt1-PgH5060.html,downloaded
2007-06-05,CREC-2007-06-05,CREC-2007-06-05-pt1-PgH5931-7,RESIGNATION AS MEMBER OF COMMITTEE ON SMALL BUSINESS,CREC-2007-06-05-pt1-PgH5931-7.html,downloaded
2007-06-28,CREC-2007-06-28,CREC-2007-06-28-pt1-PgH7412-3,RESIGNATION AS MEMBER OF COMMITTEE ON ENERGY AND COMMERCE,CREC-2007-06-28-pt1-PgH7412-3.html,downloaded
2007-07-12,CREC-2007-07-12,CREC-2007-07-12-pt1-PgH7719,RESIGNATION AS MEMBER OF COMMITTEE ON THE BUDGET,CREC-2007-07-12-pt1-PgH7719.html,downloaded
2007-09-20,CREC-2007-09-20,CREC-2007-09-20-pt1-PgH10631-3,RESIGNATION AS MEMBER OF COMMITTEE ON SCIENCE AND TECHNOLOGY,CREC-2007-09-20-pt1-PgH10631-3.html,downloaded
2007-10-02,CREC-2007-10-02,CREC-2007-10-02-pt1-PgH11099,RESIGNATION AS MEMBER OF COMMITTEE ON NATURAL RESOURCES,CREC-2007-10-02-pt1-PgH11099.html,downloaded
2007-10-02,CREC-2007-10-02,CREC-2007-10-02-pt1-PgH11099-2,RESIGNATION AS MEMBER OF COMMITTEE ON AGRICULTURE,CREC-2007-10-02-pt1-PgH11099-2.html,downloaded
2007-10-31,CREC-2007-10-31,CREC-2007-10-31-pt1-PgH12348-2,RESIGNATION AS MEMBER OF COMMITTEE ON ARMED SERVICES,CREC-2007-10-31-pt1-PgH12348-2.html,downloaded
2007-12-12,CREC-2007-12-12,CREC-2007-12-12-pt1-PgH15341,RESIGNATION AS MEMBER OF PERMANENT SELECT COMMITTEE ON INTELLIGENCE,CREC-2007-12-12-pt1-PgH15341.html,downloaded
2007-12-18,CREC-2007-12-18,CREC-2007-12-18-pt1-PgH16792,RESIGNATION AS MEMBER OF COMMITTEE ON SCIENCE AND TECHNOLOGY,CREC-2007-12-18-pt1-PgH16792.html,downloaded
2007-12-18,CREC-2007-12-18,CREC-2007-12-18-pt1-PgH16792-2,RESIGNATION AS MEMBER OF COMMITTEE ON SCIENCE AND TECHNOLOGY,CREC-2007-12-18-pt1-PgH16792-2.html,downloaded
2008-02-26,CREC-2008-02-26,CREC-2008-02-26-pt1-PgH1046,RESIGNATION AS MEMBER OF COMMITTEES ON AGRICULTURE AND SCIENCE AND TECHNOLOGY,CREC-2008-02-26-pt1-PgH1046.html,downloaded
2008-02-26,CREC-2008-02-26,CREC-2008-02-26-pt1-PgH1046-5,RESIGNATION AS MEMBER OF COMMITTEE ON SMALL BUSINESS,CREC-2008-02-26-pt1-PgH1046-5.html,downloaded
2008-02-26,CREC-2008-02-26,CREC-2008-02-26-pt1-PgH1046-6,"RESIGNATION AS MEMBER OF COMMITTEES ON NATURAL RESOURCES, EDUCATION AND LABOR, AND SMALL BUSINESS",CREC-2008-02-26-pt1-PgH1046-6.html,downloaded
2008-03-11,CREC-2008-03-11,CREC-2008-03-11-pt1-PgH1458-2,RESIGNATION AS MEMBER OF COMMITTEE ON ARMED SERVICES,CREC-2008-03-11-pt1-PgH1458-2.html,downloaded
2008-03-11,CREC-2008-03-11,CREC-2008-03-11-pt1-PgH1458-3,RESIGNATION AS MEMBER OF COMMITTEE ON FOREIGN AFFAIRS,CREC-2008-03-11-pt1-PgH1458-3.html,downloaded
2008-03-11,CREC-2008-03-11,CREC-2008-03-11-pt1-PgH1458-4,RESIGNATION AS MEMBER OF COMMITTEE ON FINANCIAL SERVICES,CREC-2008-03-11-pt1-PgH1458-4.html,downloaded
2008-04-14,CREC-2008-04-14,CREC-2008-04-14-pt1-PgH2228-3,RESIGNATION AS MEMBER OF COMMITTEE ON ENERGY AND COMMERCE,CREC-2008-04-14-pt1-PgH2228-3.html,downloaded
2008-06-09,CREC-2008-06-09,CREC-2008-06-09-pt1-PgH5048-3,RESIGNATION AS MEMBER OF COMMITTEE ON FINANCIAL SERVICES,CREC-2008-06-09-pt1-PgH5048-3.html,downloaded
2008-06-09,CREC-2008-06-09,CREC-2008-06-09-pt1-PgH5048-4,RESIGNATION AS MEMBER OF COMMITTEE ON AGRICULTURE,CREC-2008-06-09-pt1-PgH5048-4.html,downloaded
2008-06-09,CREC-2008-06-09,CREC-2008-06-09-pt1-PgH5048-5,RESIGNATION AS MEMBER OF COMMITTEE ON FINANCIAL SERVICES,CREC-2008-06-09-pt1-PgH5048-5.html,downloaded
2008-06-10,CREC-2008-06-10,CREC-2008-06-10-pt1-PgH5126,RESIGNATION AS MEMBER OF COMMITTEE ON SCIENCE AND TECHNOLOGY,CREC-2008-06-10-pt1-PgH5126.html,downloaded
2008-06-10,CREC-2008-06-10,CREC-2008-06-10-pt1-PgH5126-2,RESIGNATION AS MEMBER OF COMMITTEE ON TRANSPORTATION AND INFRASTRUCTURE,CREC-2008-06-10-pt1-PgH5126-2.html,downloaded
2008-06-10,CREC-2008-06-10,CREC-2008-06-10-pt1-PgH5126-3,RESIGNATION AS MEMBER OF COMMITTEE ON VETERANS' AFFAIRS,CREC-2008-06-10-pt1-PgH5126-3.html,downloaded
2008-06-10,CREC-2008-06-10,CREC-2008-06-10-pt1-PgH5126-4,RESIGNATION AS MEMBER OF COMMITTEE ON FINANCIAL SERVICES,CREC-2008-06-10-pt1-PgH5126-4.html,downloaded
2008-07-15,CREC-2008-07-15,CREC-2008-07-15-pt1-PgH6520,RESIGNATION AS MEMBER OF COMMITTEE ON SCIENCE AND TECHNOLOGY,CREC-2008-07-15-pt1-PgH6520.html,downloaded
2009-01-13,CREC-2009-01-13,CREC-2009-01-13-pt1-PgH191-3,RESIGNATION AS MEMBER OF COMMITTEE ON RULES,CREC-2009-01-13-pt1-PgH191-3.html,downloaded
2009-01-13,CREC-2009-01-13,CREC-2009-01-13-pt1-PgH191-4,RESIGNATION AS MEMBER OF COMMITTEE ON RULES,CREC-2009-01-13-pt1-PgH191-4.html,downloaded
2009-01-13,CREC-2009-01-13,CREC-2009-01-13-pt1-PgH191-5,RESIGNATION AS MEMBER OF COMMITTEE ON RULES,CREC-2009-01-13-pt1-PgH191-5.html,downloaded
2009-01-13,CREC-2009-01-13,CREC-2009-01-13-pt1-PgH191-6,RESIGNATION AS MEMBER OF COMMITTEE ON VETERANS' AFFAIRS,CREC-2009-01-13-pt1-PgH191-6.html,downloaded
2009-01-21,CREC-2009-01-21,CREC-2009-01-21-pt1-PgH419-2,"RESIGNATION AS MEMBER OF COMMITTEES ON EDUCATION AND LABOR, OVERSIGHT AND GOVERNMENT REFORM AND AGRICULTURE",CREC-2009-01-21-pt1-PgH419-2.html,downloaded
2009-01-21,CREC-2009-01-21,CREC-2009-01-21-pt1-PgH419-3,RESIGNATION AS MEMBER OF COMMITTEE ON THE BUDGET,CREC-2009-01-21-pt1-PgH419-3.html,downloaded
2009-01-28,CREC-2009-01-28,CREC-2009-01-28-pt1-PgH751,RESIGNATION AS MEMBER OF COMMITTEE ON THE BUDGET,CREC-2009-01-28-pt1-PgH751.html,downloaded
2009-02-09,CREC-2009-02-09,CREC-2009-02-09-pt1-PgH1055,RESIGNATION AS MEMBER OF COMMITTEE ON ARMED SERVICES,CREC-2009-02-09-pt1-PgH1055.html,downloaded
2009-02-10,CREC-2009-02-10,CREC-2009-02-10-pt1-PgH1090-4,RESIGNATION AS MEMBER OF COMMITTEE ON FOREIGN AFFAIRS,CREC-2009-02-10-pt1-PgH1090-4.html,downloaded
2009-06-03,CREC-2009-06-03,CREC-2009-06-03-pt1-PgH6125-2,RESIGNATION AS MEMBER OF COMMITTEE ON ARMED SERVICES,CREC-2009-06-03-pt1-PgH6125-2.html,downloaded
2009-06-15,CREC-2009-06-15,CREC-2009-06-15-pt1-PgH6768,RESIGNATION AS MEMBER OF COMMITTEE ON OVERSIGHT AND GOVERNMENT REFORM,CREC-2009-06-15-pt1-PgH6768.html,downloaded
2009-06-25,CREC-2009-06-25,CREC-2009-06-25-pt1-PgH7401-3,RESIGNATION AS MEMBER AND APPOINTMENT OF MEMBER TO PERMANENT SELECT COMMITTEE ON INTELLIGENCE,CREC-2009-06-25-pt1-PgH7401-3.html,downloaded
2009-07-14,CREC-2009-07-14,CREC-2009-07-14-pt1-PgH8045,RESIGNATION AS MEMBER OF COMMITTEE ON STANDARDS OF OFFICIAL CONDUCT,CREC-2009-07-14-pt1-PgH8045.html,downloaded
2009-10-15,CREC-2009-10-15,CREC-2009-10-15-pt1-PgH11395,RESIGNATION AS MEMBER OF COMMITTEE ON THE JUDICIARY,CREC-2009-10-15-pt1-PgH11395.html,downloaded
2010-02-23,CREC-2010-02-23,CREC-2010-02-23-pt1-PgH653-8,RESIGNATION AS MEMBER OF COMMITTEE ON ENERGY AND COMMERCE,CREC-2010-02-23-pt1-PgH653-8.html,downloaded
2010-03-03,CREC-2010-03-03,CREC-2010-03-03-pt1-PgH1031-6,RESIGNATION AS CHAIR OF COMMITTEE ON WAYS AND MEANS,CREC-2010-03-03-pt1-PgH1031-6.html,downloaded
2010-03-04,CREC-2010-03-04,CREC-2010-03-04-pt1-PgH1108-3,RESIGNATION AS ACTING CHAIR OF COMMITTEE ON WAYS AND MEANS.,CREC-2010-03-04-pt1-PgH1108-3.html,downloaded
2010-03-04,CREC-2010-03-04,CREC-2010-03-04-pt1-PgH1151-2,RESIGNATION AS MEMBER OF COMMITTEE ON THE BUDGET,CREC-2010-03-04-pt1-PgH1151-2.html,downloaded
2010-04-14,CREC-2010-04-14,CREC-2010-04-14-pt1-PgH2572,"RESIGNATION AS MEMBER OF COMMITTEE ON AGRICULTURE, COMMITTEE ON THE BUDGET, AND COMMITTEE ON TRANSPORTATION AND INFRASTRUCTURE",CREC-2010-04-14-pt1-PgH2572.html,downloaded
2010-05-05,CREC-2010-05-05,CREC-2010-05-05-pt1-PgH3132-5,RESIGNATION AS MEMBER OF COMMITTEE ON THE JUDICIARY,CREC-2010-05-05-pt1-PgH3132-5.html,downloaded
2010-05-05,CREC-2010-05-05,CREC-2010-05-05-pt1-PgH3191,RESIGNATION AS MEMBER OF COMMITTEE ON HOMELAND SECURITY,CREC-2010-05-05-pt1-PgH3191.html,downloaded
2010-05-06,CREC-2010-05-06,CREC-2010-05-06-pt1-PgH3216-2,RESIGNATION AS MEMBER OF COMMITTEE ON ARMED SERVICES,CREC-2010-05-06-pt1-PgH3216-2.html,downloaded
2010-05-27,CREC-2010-05-27,CREC-2010-05-27-pt2-PgH4077,RESIGNATION AS MEMBER OF COMMITTEE ON ARMED SERVICES,CREC-2010-05-27-pt2-PgH4077.html,downloaded
2011-01-26,CREC-2011-01-26,CREC-2011-01-26-pt1-PgH499-6,RESIGNATION AS MEMBER OF COMMITTEE ON ETHICS,CREC-2011-01-26-pt1-PgH499-6.html,downloaded
2011-01-26,CREC-2011-01-26,CREC-2011-01-26-pt1-PgH500,RESIGNATION AS MEMBER OF COMMITTEE ON SMALL BUSINESS,CREC-2011-01-26-pt1-PgH500.html,downloaded
2011-03-08,CREC-2011-03-08,CREC-2011-03-08-pt1-PgH1598-5,RESIGNATION AS MEMBER OF COMMITTEES ON NATURAL RESOURCES AND HOMELAND SECURITY,CREC-2011-03-08-pt1-PgH1598-5.html,downloaded
2011-03-15,CREC-2011-03-15,CREC-2011-03-15-pt1-PgH1826,RESIGNATION AS MEMBER OF COMMITTEE ON FINANCIAL SERVICES,CREC-2011-03-15-pt1-PgH1826.html,downloaded
2011-04-05,CREC-2011-04-05,CREC-2011-04-05-pt1-PgH2314-2,RESIGNATIONS AS MEMBER OF COMMITTEE ON THE JUDICIARY AND COMMITTEE ON TRANSPORTATION AND INFRASTRUCTURE,CREC-2011-04-05-pt1-PgH2314-2.html,downloaded
2011-05-11,CREC-2011-05-11,CREC-2011-05-11-pt1-PgH3188-2,RESIGNATION AS MEMBER OF COMMITTEE ON AGRICULTURE AND AS MEMBER OF COMMITTEE ON TRANSPORTATION AND INFRASTRUCTURE,CREC-2011-05-11-pt1-PgH3188-2.html,downloaded
2011-06-14,CREC-2011-06-14,CREC-2011-06-14-pt1-PgH4108-3,RESIGNATION AS MEMBER OF COMMITTEE ON RULES,CREC-2011-06-14-pt1-PgH4108-3.html,downloaded
2011-06-15,CREC-2011-06-15,CREC-2011-06-15-pt1-PgH4239,RESIGNATION AS MEMBER OF COMMITTEE ON SMALL BUSINESS,CREC-2011-06-15-pt1-PgH4239.html,downloaded
2011-06-22,CREC-2011-06-22,CREC-2011-06-22-pt1-PgH4420,RESIGNATION AS MEMBER OF COMMITTEE ON ARMED SERVICES,CREC-2011-06-22-pt1-PgH4420.html,downloaded
2011-07-14,CREC-2011-07-14,CREC-2011-07-14-pt1-PgH5050,RESIGNATION AS MEMBER OF COMMITTEE ON ETHICS,CREC-2011-07-14-pt1-PgH5050.html,downloaded
2011-09-13,CREC-2011-09-13,CREC-2011-09-13-pt1-PgH6123,RESIGNATION AS MEMBER OF COMMITTEE ON SMALL BUSINESS,CREC-2011-09-13-pt1-PgH6123.html,downloaded
2011-09-20,CREC-2011-09-20,CREC-2011-09-20-pt1-PgH6242-9,RESIGNATION AS MEMBER OF COMMITTEE ON THE JUDICIARY,CREC-2011-09-20-pt1-PgH6242-9.html,downloaded
2011-10-04,CREC-2011-10-04,CREC-2011-10-04-pt1-PgH6533-2,RESIGNATION AS MEMBER OF COMMITTEE ON HOMELAND SECURITY,CREC-2011-10-04-pt1-PgH6533-2.html,downloaded
2012-02-16,CREC-2012-02-16,CREC-2012-02-16-pt1-PgH886-2,RESIGNATION AS MEMBER OF COMMITTEE ON HOMELAND SECURITY,CREC-2012-02-16-pt1-PgH886-2.html,downloaded
2012-02-16,CREC-2012-02-16,CREC-2012-02-16-pt1-PgH887,RESIGNATION AS MEMBER OF COMMITTEE ON THE BUDGET,CREC-2012-02-16-pt1-PgH887.html,downloaded
2012-03-20,CREC-2012-03-20,CREC-2012-03-20-pt1-PgH1411,"RESIGNATIONS AS MEMBERS OF COMMITTEE ON SCIENCE, SPACE, AND TECHNOLOGY",CREC-2012-03-20-pt1-PgH1411.html,downloaded
2012-06-25,CREC-2012-06-25,CREC-2012-06-25-pt1-PgH3979-7,RESIGNATION AS MEMBER OF COMMITTEE ON ARMED SERVICES,CREC-2012-06-25-pt1-PgH3979-7.html,downloaded
2012-08-01,CREC-2012-08-01,CREC-2012-08-01-pt1-PgH5538-3,"RESIGNATIONS AS MEMBER OF COMMITTEE ON TRANSPORTATION AND INFRASTRUCTURE, COMMITTEE ON THE BUDGET, AND COMMITTEE ON OVERSIGHT AND GOVERNMENT REFORM",CREC-2012-08-01-pt1-PgH5538-3.html,downloaded
2012-11-28,CREC-2012-11-28,CREC-2012-11-28-pt1-PgH6474-3,RESIGNATION AS MEMBER OF COMMITTEE ON NATURAL RESOURCES,CREC-2012-11-28-pt1-PgH6474-3.html,downloaded
2013-02-04,CREC-2013-02-04,CREC-2013-02-04-pt1-PgH319,RESIGNATION AS MEMBER OF COMMITTEE ON THE BUDGET,CREC-2013-02-04-pt1-PgH319.html,downloaded
2013-02-26,CREC-2013-02-26,CREC-2013-02-26-pt1-PgH649,RESIGNATION AS MEMBER OF COMMITTEE ON THE BUDGET AND COMMITTEE ON FINANCIAL SERVICES,CREC-2013-02-26-pt1-PgH649.html,downloaded
2013-02-26,CREC-2013-02-26,CREC-2013-02-26-pt1-PgH649-2,"RESIGNATION AS MEMBER OF COMMITTEE ON TRANSPORTATION AND INFRASTRUCTURE, COMMITTEE ON NATURAL RESOURCES, AND COMMITTEE ON SCIENCE, SPACE, AND TECHNOLOGY",CREC-2013-02-26-pt1-PgH649-2.html,downloaded
2013-02-26,CREC-2013-02-26,CREC-2013-02-26-pt1-PgH649-3,RESIGNATION AS MEMBER OF COMMITTEE ON AGRICULTURE,CREC-2013-02-26-pt1-PgH649-3.html,downloaded
2013-04-16,CREC-2013-04-16,CREC-2013-04-16-pt1-PgH2033-7,RESIGNATION AS MEMBER OF COMMITTEES ON THE JUDICIARY AND HOMELAND SECURITY,CREC-2013-04-16-pt1-PgH2033-7.html,downloaded
2013-10-29,CREC-2013-10-29,CREC-2013-10-29-pt1-PgH6872,RESIGNATION AS MEMBER OF COMMITTEE ON OVERSIGHT AND GOVERNMENT REFORM,CREC-2013-10-29-pt1-PgH6872.html,downloaded
2013-12-11,CREC-2013-12-11,CREC-2013-12-11-pt1-PgH7638-3,"RESIGNATION AS MEMBER OF COMMITTEE ON THE JUDICIARY, COMMITTEE ON NATURAL RESOURCES, AND COMMITTEE ON VETERANS' AFFAIRS",CREC-2013-12-11-pt1-PgH7638-3.html,downloaded
2013-12-11,CREC-2013-12-11,CREC-2013-12-11-pt1-PgH7638-4,"RESIGNATION AS MEMBER OF COMMITTEE ON AGRICULTURE, COMMITTEE ON ARMED SERVICES, AND COMMITTEE ON EDUCATION AND THE WORKFORCE",CREC-2013-12-11-pt1-PgH7638-4.html,downloaded
2013-12-11,CREC-2013-12-11,CREC-2013-12-11-pt1-PgH7638-5,"RESIGNATION AS MEMBER OF COMMITTEE ON SCIENCE, SPACE, AND TECHNOLOGY, COMMITTEE ON HOMELAND SECURITY, AND COMMITTEE ON NATURAL RESOURCES",CREC-2013-12-11-pt1-PgH7638-5.html,downloaded
2014-02-11,CREC-2014-02-11,CREC-2014-02-11-pt1-PgH1744,RESIGNATION AS MEMBER OF COMMITTEE ON THE BUDGET,CREC-2014-02-11-pt1-PgH1744.html,downloaded
2014-04-01,CREC-2014-04-01,CREC-2014-04-01-pt1-PgH2751-10,"RESIGNATION AS MEMBER OF COMMITTEE ON SCIENCE, SPACE, AND TECHNOLOGY",CREC-2014-04-01-pt1-PgH2751-10.html,downloaded
2014-04-03,CREC-2014-04-03,CREC-2014-04-03-pt1-PgH2885-2,RESIGNATION AS MEMBER OF COMMITTEE ON HOMELAND SECURITY,CREC-2014-04-03-pt1-PgH2885-2.html,downloaded
2014-04-03,CREC-2014-04-03,CREC-2014-04-03-pt1-PgH2885-3,RESIGNATIONS AS MEMBER OF COMMITTEE ON NATURAL RESOURCES AND COMMITTEE ON HOMELAND SECURITY,CREC-2014-04-03-pt1-PgH2885-3.html,downloaded
2014-04-28,CREC-2014-04-28,CREC-2014-04-28-pt1-PgH3221,RESIGNATION FROM THE COMMITTEE ON FINANCIAL SERVICES,CREC-2014-04-28-pt1-PgH3221.html,downloaded
2014-05-20,CREC-2014-05-20,CREC-2014-05-20-pt1-PgH4487-2,RESIGNATIONS AS MEMBER OF COMMITTEE ON THE BUDGET AND COMMITTEE ON FOREIGN AFFAIRS,CREC-2014-05-20-pt1-PgH4487-2.html,downloaded
2015-03-04,CREC-2015-03-04,CREC-2015-03-04-pt1-PgH1603-4,"RESIGNATION AS MEMBER OF COMMITTEE ON SCIENCE, SPACE, AND TECHNOLOGY",CREC-2015-03-04-pt1-PgH1603-4.html,downloaded
2015-03-16,CREC-2015-03-16,CREC-2015-03-16-pt1-PgH1643,RESIGNATION AS MEMBER OF COMMITTEE ON SMALL BUSINESS,CREC-2015-03-16-pt1-PgH1643.html,downloaded
2015-03-17,CREC-2015-03-17,CREC-2015-03-17-pt1-PgH1716,"RESIGNATIONS AS MEMBER OF COMMITTEE ON WAYS AND MEANS, COMMITTEE ON THE BUDGET, AND COMMITTEE ON HOUSE ADMINISTRATION",CREC-2015-03-17-pt1-PgH1716.html,downloaded
2015-03-24,CREC-2015-03-24,CREC-2015-03-24-pt1-PgH1855-7,RESIGNATIONS AS MEMBER OF COMMITTEE ON ARMED SERVICES AND COMMITTEE ON HOMELAND SECURITY,CREC-2015-03-24-pt1-PgH1855-7.html,downloaded
2015-04-29,CREC-2015-04-29,CREC-2015-04-29-pt1-PgH2574,RESIGNATION AS MEMBER OF COMMITTEE ON FINANCIAL SERVICES,CREC-2015-04-29-pt1-PgH2574.html,downloaded
2015-05-14,CREC-2015-05-14,CREC-2015-05-14-pt1-PgH2972-3,RESIGNATION AS MEMBER OF COMMITTEE ON NATURAL RESOURCES,CREC-2015-05-14-pt1-PgH2972-3.html,downloaded
2015-05-19,CREC-2015-05-19,CREC-2015-05-19-pt1-PgH3317-7,RESIGNATIONS AS MEMBER OF COMMITTEE ON AGRICULTURE AND COMMITTEE ON FOREIGN AFFAIRS,CREC-2015-05-19-pt1-PgH3317-7.html,downloaded
2015-05-19,CREC-2015-05-19,CREC-2015-05-19-pt1-PgH3318,RESIGNATION AS MEMBER OF COMMITTEE ON HOMELAND SECURITY,CREC-2015-05-19-pt1-PgH3318.html,downloaded
2015-06-10,CREC-2015-06-10,CREC-2015-06-10-pt1-PgH4015-7,"RESIGNATION AS MEMBER OF COMMITTEE ON SCIENCE, SPACE, AND TECHNOLOGY",CREC-2015-06-10-pt1-PgH4015-7.html,downloaded
2015-09-25,CREC-2015-09-25,CREC-2015-09-25-pt1-PgH6256,"RESIGNATION AS MEMBER OF COMMITTEE ON SCIENCE, SPACE, AND TECHNOLOGY",CREC-2015-09-25-pt1-PgH6256.html,downloaded
2015-10-29,CREC-2015-10-29,CREC-2015-10-29-pt1-PgH7340-3,RESIGNATIONS AS MEMBER OF COMMITTEE ON WAYS AND MEANS AND JOINT COMMITTEE ON TAXATION,CREC-2015-10-29-pt1-PgH7340-3.html,downloaded
2015-11-05,CREC-2015-11-05,CREC-2015-11-05-pt1-PgH8136-3,"RESIGNATIONS AS MEMBER OF COMMITTEE ON THE BUDGET, COMMITTEE ON SMALL BUSINESS, AND COMMITTEE ON TRANSPORTATION AND INFRASTRUCTURE",CREC-2015-11-05-pt1-PgH8136-3.html,downloaded
2015-11-30,CREC-2015-11-30,CREC-2015-11-30-pt1-PgH8435-2,RESIGNATION AS MEMBER OF JOINT ECONOMIC COMMITTEE,CREC-2015-11-30-pt1-PgH8435-2.html,downloaded
2015-12-08,CREC-2015-12-08,CREC-2015-12-08-pt1-PgH9032-6,RESIGNATION AS MEMBER OF COMMITTEE ON THE BUDGET,CREC-2015-12-08-pt1-PgH9032-6.html,downloaded
2016-02-04,CREC-2016-02-04,CREC-2016-02-04-pt1-PgH583,"RESIGNATION AS MEMBER OF COMMITTEE ON SCIENCE, SPACE, AND TECHNOLOGY",CREC-2016-02-04-pt1-PgH583.html,downloaded
2016-02-04,CREC-2016-02-04,CREC-2016-02-04-pt1-PgH583-2,RESIGNATION AS MEMBER OF COMMITTEE ON SMALL BUSINESS,CREC-2016-02-04-pt1-PgH583-2.html,downloaded
2016-02-04,CREC-2016-02-04,CREC-2016-02-04-pt1-PgH584,RESIGNATION AS MEMBER OF COMMITTEE ON THE BUDGET,CREC-2016-02-04-pt1-PgH584.html,downloaded
2016-05-26,CREC-2016-05-26,CREC-2016-05-26-pt1-PgH3288,RESIGNATION AS MEMBER OF PERMANENT SELECT COMMITTEE ON INTELLIGENCE,CREC-2016-05-26-pt1-PgH3288.html,downloaded
2016-07-06,CREC-2016-07-06,CREC-2016-07-06-pt1-PgH4293-3,RESIGNATION AS MEMBER OF COMMITTEE ON ARMED SERVICES,CREC-2016-07-06-pt1-PgH4293-3.html,downloaded
2016-09-13,CREC-2016-09-13,CREC-2016-09-13-pt1-PgH5365,RESIGNATIONS AS MEMBER OF COMMITTEE ON OVERSIGHT AND GOVERNMENT REFORM AND COMMITTEE ON NATURAL RESOURCES,CREC-2016-09-13-pt1-PgH5365.html,downloaded
2017-01-24,CREC-2017-01-24,CREC-2017-01-24-pt1-PgH633,RESIGNATION AS MEMBER OF COMMITTEE ON ETHICS,CREC-2017-01-24-pt1-PgH633.html,downloaded
2017-02-06,CREC-2017-02-06,CREC-2017-02-06-pt1-PgH992,RESIGNATION AS MEMBER OF COMMITTEE ON ARMED SERVICES,CREC-2017-02-06-pt1-PgH992.html,downloaded
2017-02-06,CREC-2017-02-06,CREC-2017-02-06-pt1-PgH992-2,RESIGNATION AS MEMBER OF COMMITTEE ON ARMED SERVICES,CREC-2017-02-06-pt1-PgH992-2.html,downloaded
2017-02-06,CREC-2017-02-06,CREC-2017-02-06-pt1-PgH994-2,RESIGNATION AS MEMBER OF COMMITTEE ON ARMED SERVICES,CREC-2017-02-06-pt1-PgH994-2.html,downloaded
2017-02-16,CREC-2017-02-16,CREC-2017-02-16-pt1-PgH1259-5,RESIGNATIONS AS MEMBER OF COMMITTEE ON THE JUDICIARY AND COMMITTEE ON EDUCATION AND THE WORKFORCE,CREC-2017-02-16-pt1-PgH1259-5.html,downloaded
2017-05-02,CREC-2017-05-02,CREC-2017-05-02-pt1-PgH3012-6,RESIGNATION AS MEMBER OF COMMITTEE ON EDUCATION AND THE WORKFORCE,CREC-2017-05-02-pt1-PgH3012-6.html,downloaded
2017-06-27,CREC-2017-06-27,CREC-2017-06-27-pt1-PgH5192-3,RESIGNATION AS MEMBER OF COMMITTEE ON HOMELAND SECURITY,CREC-2017-06-27-pt1-PgH5192-3.html,downloaded
2017-06-27,CREC-2017-06-27,CREC-2017-06-27-pt1-PgH5192-4,"RESIGNATION AS MEMBER OF COMMITTEE ON SCIENCE, SPACE, AND TECHNOLOGY",CREC-2017-06-27-pt1-PgH5192-4.html,downloaded
2017-06-27,CREC-2017-06-27,CREC-2017-06-27-pt1-PgH5192-5,RESIGNATIONS AS MEMBER OF COMMITTEE ON THE JUDICIARY AND COMMITTEE ON OVERSIGHT AND GOVERNMENT REFORM,CREC-2017-06-27-pt1-PgH5192-5.html,downloaded
2017-06-27,CREC-2017-06-27,CREC-2017-06-27-pt1-PgH5192-6,RESIGNATION AS MEMBER OF COMMITTEE ON SMALL BUSINESS,CREC-2017-06-27-pt1-PgH5192-6.html,downloaded
2017-06-27,CREC-2017-06-27,CREC-2017-06-27-pt1-PgH5192-7,RESIGNATION AS MEMBER OF COMMITTEE ON NATURAL RESOURCES,CREC-2017-06-27-pt1-PgH5192-7.html,downloaded
2017-07-12,CREC-2017-07-12,CREC-2017-07-12-pt1-PgH5533-2,RESIGNATION AS MEMBER OF COMMITTEE ON NATURAL RESOURCES,CREC-2017-07-12-pt1-PgH5533-2.html,downloaded
2017-07-12,CREC-2017-07-12,CREC-2017-07-12-pt1-PgH5533-3,RESIGNATION AS MEMBER OF COMMITTEE ON ARMED SERVICES,CREC-2017-07-12-pt1-PgH5533-3.html,downloaded
2017-07-18,CREC-2017-07-18,CREC-2017-07-18-pt1-PgH5943,RESIGNATION AS MEMBER OF THE COMMITTEE ON OVERSIGHT AND GOVERNMENT REFORM,CREC-2017-07-18-pt1-PgH5943.html,downloaded
2017-10-24,CREC-2017-10-24,CREC-2017-10-24-pt1-PgH8086-4,RESIGNATIONS AS MEMBER OF COMMITTEE ON FOREIGN AFFAIRS AND COMMITTEE ON HOMELAND SECURITY,CREC-2017-10-24-pt1-PgH8086-4.html,downloaded
2017-11-29,CREC-2017-11-29,CREC-2017-11-29-pt1-PgH9478-5,RESIGNATION AS MEMBER OF COMMITTEE ON SMALL BUSINESS,CREC-2017-11-29-pt1-PgH9478-5.html,downloaded
2018-01-11,CREC-2018-01-11,CREC-2018-01-11-pt1-PgH162-4,RESIGNATION AS CHAIRMAN OF COMMITTEE ON THE BUDGET,CREC-2018-01-11-pt1-PgH162-4.html,downloaded
2018-01-11,CREC-2018-01-11,CREC-2018-01-11-pt1-PgH162-5,RESIGNATION AS MEMBER OF COMMITTEE ON ETHICS,CREC-2018-01-11-pt1-PgH162-5.html,downloaded
2018-01-16,CREC-2018-01-16,CREC-2018-01-16-pt1-PgH397-3,"RESIGNATIONS AS MEMBER OF COMMITTEE ON SCIENCE, SPACE, AND TECHNOLOGY AND COMMITTEE ON NATURAL RESOURCES",CREC-2018-01-16-pt1-PgH397-3.html,downloaded
2018-01-22,CREC-2018-01-22,CREC-2018-01-22-pt1-PgH617-3,RESIGNATION AS MEMBER OF COMMITTEE ON ETHICS,CREC-2018-01-22-pt1-PgH617-3.html,downloaded
2018-01-22,CREC-2018-01-22,CREC-2018-01-22-pt1-PgH621,RESIGNATION AS MEMBER OF COMMITTEE ON TRANSPORTATION AND INFRASTRUCTURE,CREC-2018-01-22-pt1-PgH621.html,downloaded
2018-03-06,CREC-2018-03-06,CREC-2018-03-06-pt1-PgH1421,RESIGNATION AS MEMBER OF COMMITTEE ON OVERSIGHT AND GOVERNMENT REFORM,CREC-2018-03-06-pt1-PgH1421.html,downloaded
2018-04-12,CREC-2018-04-12,CREC-2018-04-12-pt1-PgH3192,RESIGNATION AS MEMBER OF COMMITTEE ON NATURAL RESOURCES,CREC-2018-04-12-pt1-PgH3192.html,downloaded
2018-04-16,CREC-2018-04-16,CREC-2018-04-16-pt1-PgH3320-4,RESIGNATION AS MEMBER OF COMMITTEE ON VETERANS' AFFAIRS,CREC-2018-04-16-pt1-PgH3320-4.html,downloaded
2018-04-24,CREC-2018-04-24,CREC-2018-04-24-pt1-PgH3491,RESIGNATION AS MEMBER OF COMMITTEE ON EDUCATION AND THE WORKFORCE,CREC-2018-04-24-pt1-PgH3491.html,downloaded
2018-05-16,CREC-2018-05-16,CREC-2018-05-16-pt1-PgH3990-5,"RESIGNATION AS MEMBER OF COMMITTEE ON SCIENCE, SPACE, AND TECHNOLOGY",CREC-2018-05-16-pt1-PgH3990-5.html,downloaded
2018-05-16,CREC-2018-05-16,CREC-2018-05-16-pt1-PgH3990-6,RESIGNATIONS AS MEMBER OF COMMITTEE ON HOMELAND SECURITY AND COMMITTEE ON VETERANS' AFFAIRS,CREC-2018-05-16-pt1-PgH3990-6.html,downloaded
2018-05-16,CREC-2018-05-16,CREC-2018-05-16-pt1-PgH3990-7,RESIGNATIONS AS MEMBER OF COMMITTEE ON VETERANS' AFFAIRS AND COMMITTEE ON ARMED SERVICES,CREC-2018-05-16-pt1-PgH3990-7.html,downloaded
2018-09-04,CREC-2018-09-04,CREC-2018-09-04-pt1-PgH7784-5,RESIGNATION AS MEMBER OF COMMITTEE ON SMALL BUSINESS,CREC-2018-09-04-pt1-PgH7784-5.html,downloaded
2018-09-04,CREC-2018-09-04,CREC-2018-09-04-pt1-PgH7807,"RESIGNATION AS MEMBER OF COMMITTEE ON SCIENCE, SPACE, and TECHNOLOGY",CREC-2018-09-04-pt1-PgH7807.html,downloaded
2019-01-24,CREC-2019-01-24,CREC-2019-01-24-pt1-PgH1183-2,RESIGNATION AS MEMBER OF COMMITTEE ON EDUCATION AND LABOR,CREC-2019-01-24-pt1-PgH1183-2.html,downloaded
2019-01-24,CREC-2019-01-24,CREC-2019-01-24-pt1-PgH1183-3,RESIGNATION AS MEMBER OF THE COMMITTEE ON EDUCATION AND LABOR,CREC-2019-01-24-pt1-PgH1183-3.html,downloaded
2019-02-26,CREC-2019-02-26,CREC-2019-02-26-pt1-PgH2130,RESIGNATION AS MEMBER OF COMMITTEE ON VETERANS' AFFAIRS,CREC-2019-02-26-pt1-PgH2130.html,downloaded
2019-03-28,CREC-2019-03-28,CREC-2019-03-28-pt1-PgH2900,"RESIGNATION AS MEMBER OF COMMITTEE ON SCIENCE, SPACE, AND TECHNOLOGY",CREC-2019-03-28-pt1-PgH2900.html,downloaded
2019-07-10,CREC-2019-07-10,CREC-2019-07-10-pt1-PgH5336-3,RESIGNATION AS MEMBER OF COMMITTEE ON EDUCATION AND LABOR,CREC-2019-07-10-pt1-PgH5336-3.html,downloaded
2019-09-25,CREC-2019-09-25,CREC-2019-09-25-pt1-PgH7978,RESIGNATION AS MEMBER OF COMMITTEE ON SMALL BUSINESS,CREC-2019-09-25-pt1-PgH7978.html,downloaded
2019-09-25,CREC-2019-09-25,CREC-2019-09-25-pt1-PgH7978-2,RESIGNATION AS MEMBER OF COMMITTEE ON HOMELAND SECURITY,CREC-2019-09-25-pt1-PgH7978-2.html,downloaded
2019-09-26,CREC-2019-09-26,CREC-2019-09-26-pt1-PgH7999-4,RESIGNATION AS MEMBER OF COMMITTEE ON THE BUDGET,CREC-2019-09-26-pt1-PgH7999-4.html,downloaded
2019-09-26,CREC-2019-09-26,CREC-2019-09-26-pt1-PgH7999-5,RESIGNATION AS MEMBER OF COMMITTEE ON EDUCATION AND LABOR,CREC-2019-09-26-pt1-PgH7999-5.html,downloaded
2019-09-26,CREC-2019-09-26,CREC-2019-09-26-pt1-PgH7999-6,"RESIGNATION AS MEMBER OF COMMITTEE ON SCIENCE, SPACE, AND TECHNOLOGY",CREC-2019-09-26-pt1-PgH7999-6.html,downloaded
2019-12-19,CREC-2019-12-19,CREC-2019-12-19-pt1-PgH12285-3,RESIGNATION AS MEMBER OF PERMANENT SELECT COMMITTEE ON INTELLIGENCE,CREC-2019-12-19-pt1-PgH12285-3.html,downloaded
2020-01-15,CREC-2020-01-15,CREC-2020-01-15-pt1-PgH258-4,RESIGNATION AS MEMBER OF COMMITTEE ON FINANCIAL SERVICES,CREC-2020-01-15-pt1-PgH258-4.html,downloaded
2020-01-15,CREC-2020-01-15,CREC-2020-01-15-pt1-PgH258-5,RESIGNATION AS MEMBER OF COMMITTEE ON HOMELAND SECURITY,CREC-2020-01-15-pt1-PgH258-5.html,downloaded
2020-01-15,CREC-2020-01-15,CREC-2020-01-15-pt1-PgH258-6,RESIGNATION AS MEMBER OF COMMITTEE ON EDUCATION AND LABOR,CREC-2020-01-15-pt1-PgH258-6.html,downloaded
2020-01-15,CREC-2020-01-15,CREC-2020-01-15-pt1-PgH274,RESIGNATION AS MEMBER OF JOINT ECONOMIC COMMITTEE,CREC-2020-01-15-pt1-PgH274.html,downloaded
2020-01-16,CREC-2020-01-16,CREC-2020-01-16-pt1-PgH318-4,"RESIGNATION AS MEMBER OF COMMITTEE ON SCIENCE, SPACE, AND TECHNOLOGY",CREC-2020-01-16-pt1-PgH318-4.html,downloaded
2020-07-01,CREC-2020-07-01,CREC-2020-07-01-pt1-PgH3039-2,"RESIGNATION AS MEMBER OF COMMITTEE ON SCIENCE, SPACE, AND TECHNOLOGY",CREC-2020-07-01-pt1-PgH3039-2.html,downloaded
2020-07-20,CREC-2020-07-20,CREC-2020-07-20-pt1-PgH3584,"RESIGNATIONS AS MEMBER OF COMMITTEE ON EDUCATION AND LABOR, COMMITTEE ON VETERANS' AFFAIRS, AND COMMITTEE ON FOREIGN AFFAIRS",CREC-2020-07-20-pt1-PgH3584.html,downloaded
2020-07-21,CREC-2020-07-21,CREC-2020-07-21-pt1-PgH3608-2,RESIGNATION AS MEMBER OF COMMITTEE ON AGRICULTURE,CREC-2020-07-21-pt1-PgH3608-2.html,downloaded
2020-09-22,CREC-2020-09-22,CREC-2020-09-22-pt1-PgH4666,RESIGNATIONS AS MEMBER OF COMMITTEE ON THE JUDICIARY AND COMMITTEE ON HOMELAND SECURITY,CREC-2020-09-22-pt1-PgH4666.html,downloaded
2021-01-28,CREC-2021-01-28,CREC-2021-01-28-pt1-PgH235-5,RESIGNATION AS MEMBER OF COMMITTEE ON RULES,CREC-2021-01-28-pt1-PgH235-5.html,downloaded
2021-05-11,CREC-2021-05-11,CREC-2021-05-11-pt1-PgH2159-6,RESIGNATION AS MEMBER OF COMMITTEE ON SMALL BUSINESS,CREC-2021-05-11-pt1-PgH2159-6.html,downloaded
2021-06-15,CREC-2021-06-15,CREC-2021-06-15-pt1-PgH2801,RESIGNATION AS MEMBER OF COMMITTEE ON NATURAL RESOURCES,CREC-2021-06-15-pt1-PgH2801.html,downloaded
2021-10-20,CREC-2021-10-20,CREC-2021-10-20-pt1-PgH5704-4,RESIGNATION AS MEMBER OF COMMITTEE ON APPROPRIATIONS,CREC-2021-10-20-pt1-PgH5704-4.html,downloaded
2021-11-01,CREC-2021-11-01,CREC-2021-11-01-pt1-PgH6052,"RESIGNATION AS MEMBER OF COMMITTEE ON SCIENCE, SPACE, AND TECHNOLOGY",CREC-2021-11-01-pt1-PgH6052.html,downloaded
2021-12-01,CREC-2021-12-01,CREC-2021-12-01-pt1-PgH6726-6,RESIGNATION AS MEMBER OF COMMITTEE ON AGRICULTURE,CREC-2021-12-01-pt1-PgH6726-6.html,downloaded
2021-12-01,CREC-2021-12-01,CREC-2021-12-01-pt1-PgH6726-7,RESIGNATION AS MEMBER OF COMMITTEE ON OVERSIGHT AND REFORM,CREC-2021-12-01-pt1-PgH6726-7.html,downloaded
2021-12-01,CREC-2021-12-01,CREC-2021-12-01-pt1-PgH6837,RESIGNATION AS MEMBER OF COMMITTEE ON THE BUDGET,CREC-2021-12-01-pt1-PgH6837.html,downloaded
2022-02-02,CREC-2022-02-02,CREC-2022-02-02-pt1-PgH357,RESIGNATION AS MEMBER OF COMMITTEE ON EDUCATION AND LABOR,CREC-2022-02-02-pt1-PgH357.html,downloaded
2022-02-02,CREC-2022-02-02,CREC-2022-02-02-pt1-PgH357-2,RESIGNATION AS MEMBER OF COMMITTEE ON VETERANS' AFFAIRS,CREC-2022-02-02-pt1-PgH357-2.html,downloaded
2022-05-12,CREC-2022-05-12,CREC-2022-05-12-pt1-PgH4918,RESIGNATION AS MEMBER OF COMMITTEE ON AGRICULTURE,CREC-2022-05-12-pt1-PgH4918.html,downloaded
2022-05-12,CREC-2022-05-12,CREC-2022-05-12-pt1-PgH4918-2,RESIGNATION AS MEMBER OF COMMITTEE ON EDUCATION AND LABOR,CREC-2022-05-12-pt1-PgH4918-2.html,downloaded
2022-06-08,CREC-2022-06-08,CREC-2022-06-08-pt1-PgH5403,RESIGNATION AS MEMBER OF COMMITTEE ON HOMELAND SECURITY,CREC-2022-06-08-pt1-PgH5403.html,downloaded
2022-06-08,CREC-2022-06-08,CREC-2022-06-08-pt1-PgH5403-2,RESIGNATION AS MEMBER OF COMMITTEE ON FINANCIAL SERVICES,CREC-2022-06-08-pt1-PgH5403-2.html,downloaded
2022-06-22,CREC-2022-06-22,CREC-2022-06-22-pt1-PgH5810,RESIGNATION AS MEMBER OF COMMITTEE ON THE BUDGET,CREC-2022-06-22-pt1-PgH5810.html,downloaded
2022-09-14,CREC-2022-09-14,CREC-2022-09-14-pt1-PgH7795,RESIGNATION AS MEMBER OF COMMITTEE ON NATURAL RESOURCES,CREC-2022-09-14-pt1-PgH7795.html,downloaded
2022-09-14,CREC-2022-09-14,CREC-2022-09-14-pt1-PgH7795-2,RESIGNATIONS AS MEMBER OF COMMITTEE ON ARMED SERVICES AND COMMITTEE ON EDUCATION AND LABOR,CREC-2022-09-14-pt1-PgH7795-2.html,downloaded
2022-11-17,CREC-2022-11-17,CREC-2022-11-17-pt1-PgH8577,RESIGNATION AS MEMBER OF COMMITTEE ON EDUCATION AND LABOR,CREC-2022-11-17-pt1-PgH8577.html,downloaded
2023-02-02,CREC-2023-02-02,CREC-2023-02-02-pt1-PgH659-6,"RESIGNATION AS MEMBER OF COMMITTEE ON SCIENCE, SPACE, AND TECHNOLOGY",CREC-2023-02-02-pt1-PgH659-6.html,downloaded
2023-02-27,CREC-2023-02-27,CREC-2023-02-27-pt1-PgH898,"RESIGNATION AS MEMBER OF COMMITTEE ON SCIENCE, SPACE, AND TECHNOLOGY",CREC-2023-02-27-pt1-PgH898.html,downloaded
2023-02-27,CREC-2023-02-27,CREC-2023-02-27-pt1-PgH898-2,RESIGNATION AS MEMBER OF COMMITTEE ON NATURAL RESOURCES,CREC-2023-02-27-pt1-PgH898-2.html,downloaded
2023-02-27,CREC-2023-02-27,CREC-2023-02-27-pt1-PgH898-3,RESIGNATION AS MEMBER OF COMMITTEE ON AGRICULTURE,CREC-2023-02-27-pt1-PgH898-3.html,downloaded
2023-02-27,CREC-2023-02-27,CREC-2023-02-27-pt1-PgH898-4,"RESIGNATION AS MEMBER OF COMMITTEE ON SCIENCE, SPACE, AND TECHNOLOGY",CREC-2023-02-27-pt1-PgH898-4.html,downloaded
2023-02-27,CREC-2023-02-27,CREC-2023-02-27-pt1-PgH898-5,RESIGNATION AS MEMBER OF COMMITTEE ON ARMED SERVICES,CREC-2023-02-27-pt1-PgH898-5.html,downloaded
2023-06-22,CREC-2023-06-22,CREC-2023-06-22-pt1-PgH3098-4,RESIGNATION AS MEMBER OF COMMITTEE ON OVERSIGHT AND ACCOUNTABILITY,CREC-2023-06-22-pt1-PgH3098-4.html,downloaded
2023-10-25,CREC-2023-10-25,CREC-2023-10-25-pt1-PgH5064,RESIGNATION AS MEMBER OF COMMITTEE ON ARMED SERVICES,CREC-2023-10-25-pt1-PgH5064.html,downloaded
2023-10-25,CREC-2023-10-25,CREC-2023-10-25-pt1-PgH5064-2,RESIGNATIONS AS MEMBER OF COMMITTEE ON THE JUDICIARY AND SELECT SUBCOMMITTEE ON THE WEAPONIZATION OF THE FEDERAL GOVERNMENT,CREC-2023-10-25-pt1-PgH5064-2.html,downloaded
2023-12-11,CREC-2023-12-11,CREC-2023-12-11-pt1-PgH6804-4,"RESIGNATION AS MEMBER OF COMMITTEE ON SCIENCE, SPACE, AND TECHNOLOGY",CREC-2023-12-11-pt1-PgH6804-4.html,downloaded
2024-01-09,CREC-2024-01-09,CREC-2024-01-09-pt1-PgH6-9,RESIGNATION AS MEMBER OF COMMITTEE ON THE BUDGET,CREC-2024-01-09-pt1-PgH6-9.html,downloaded
2024-02-29,CREC-2024-02-29,CREC-2024-02-29-pt1-PgH766-4,RESIGNATION AS MEMBER OF COMMITTEE ON HOMELAND SECURITY,CREC-2024-02-29-pt1-PgH766-4.html,downloaded
2024-04-11,CREC-2024-04-11,CREC-2024-04-11-pt1-PgH2293-5,RESIGNATION AS CHAIR OF COMMITTEE ON APPROPRIATIONS,CREC-2024-04-11-pt1-PgH2293-5.html,downloaded
2024-04-11,CREC-2024-04-11,CREC-2024-04-11-pt1-PgH2293-6,RESIGNATION AS CHAIR AND MEMBER OF COMMITTEE ON RULES,CREC-2024-04-11-pt1-PgH2293-6.html,downloaded
2024-04-11,CREC-2024-04-11,CREC-2024-04-11-pt1-PgH2293-7,RESIGNATION AS MEMBER OF COMMITTEE ON TRANSPORTATION AND INFRASTRUCTURE,CREC-2024-04-11-pt1-PgH2293-7.html,downloaded
2024-04-11,CREC-2024-04-11,CREC-2024-04-11-pt1-PgH2293-8,RESIGNATION AS MEMBER OF COMMITTEE ON EDUCATION AND THE WORKFORCE,CREC-2024-04-11-pt1-PgH2293-8.html,downloaded
2024-06-04,CREC-2024-06-04,CREC-2024-06-04-pt1-PgH3638,RESIGNATION AS MEMBER OF COMMITTEE ON VETERANS' AFFAIRS,CREC-2024-06-04-pt1-PgH3638.html,downloaded
2024-06-04,CREC-2024-06-04,CREC-2024-06-04-pt1-PgH3638-2,RESIGNATION AS MEMBER OF COMMITTEE ON SMALL BUSINESS,CREC-2024-06-04-pt1-PgH3638-2.html,downloaded
2024-06-04,CREC-2024-06-04,CREC-2024-06-04-pt1-PgH3639,"RESIGNATION AS MEMBER OF COMMITTEE ON SCIENCE, SPACE AND TECHNOLOGY",CREC-2024-06-04-pt1-PgH3639.html,downloaded
2024-11-13,CREC-2024-11-13,CREC-2024-11-13-pt1-PgH5968-3,RESIGNATION AS MEMBER OF COMMITTEE ON THE JUDICIARY,CREC-2024-11-13-pt1-PgH5968-3.html,downloaded
2025-01-21,CREC-2025-01-21,CREC-2025-01-21-pt1-PgH251,RESIGNATION AS MEMBER OF COMMITTEE ON FOREIGN AFFAIRS,CREC-2025-01-21-pt1-PgH251.html,downloaded
2025-06-25,CREC-2025-06-25,CREC-2025-06-25-pt1-PgH2962-3,RESIGNATION AS MEMBER OF COMMITTEE ON TRANSPORTATION AND INFRASTRUCTURE,CREC-2025-06-25-pt1-PgH2962-3.html,downloaded
2025-09-02,CREC-2025-09-02,CREC-2025-09-02-pt1-PgH3725-8,RESIGNATION AS MEMBER OF COMMITTEE ON HOMELAND SECURITY,CREC-2025-09-02-pt1-PgH3725-8.html,downloaded
2014-05-29,CREC-2014-05-29,CREC-2014-05-29-pt1-PgH4927-3,RESIGNATION AS MEMBER OF COMMITTEE ON EDUCATION AND THE WORKFORCE,CREC-2014-05-29-pt1-PgH4927-3.html,downloaded
1998-08-03,CREC-1998-08-03,CREC-1998-08-03-pt1-PgH6948,RESIGNATION AS MEMBER OF COMMITTEE ON COMMERCE,CREC-1998-08-03-pt1-PgH6948.html,downloaded
1997-07-31,CREC-1997-07-31,CREC-1997-07-31-pt1-PgH6678,RESIGNATION AS MEMBER OF COMMITTEE ON SMALL BUSINESS,CREC-1997-07-31-pt1-PgH6678.html,downloaded
1997-07-31,CREC-1997-07-31,CREC-1997-07-31-pt1-PgH6678-2,RESIGNATION AS MEMBER OF COMMITTEE ON BANKING AND FINANCIAL SERVICES,CREC-1997-07-31-pt1-PgH6678-2.html,downloaded
2025-09-19,CREC-2025-09-19,CREC-2025-09-19-pt1-PgH4461-5,"RESIGNATION AS MEMBER OF COMMITTEE ON SCIENCE, SPACE, AND TECHNOLOGY",CREC-2025-09-19-pt1-PgH4461-5.html,downloaded
2002-05-07,CREC-2002-05-07,CREC-2002-05-07-pt1-PgH2113-8,RESIGNATION AS MEMBER OF COMMITTEE ON RULES,CREC-2002-05-07-pt1-PgH2113-8.html,downloaded
2002-05-07,CREC-2002-05-07,CREC-2002-05-07-pt1-PgH2113-9,RESIGNATION AS MEMBER OF COMMITTEE ON RESOURCES,CREC-2002-05-07-pt1-PgH2113-9.html,downloaded
2002-05-07,CREC-2002-05-07,CREC-2002-05-07-pt1-PgH2113-10,RESIGNATION AS MEMBER OF COMMITTEE ON TRANSPORTATION AND INFRASTRUCTURE,CREC-2002-05-07-pt1-PgH2113-10.html,downloaded
2002-07-08,CREC-2002-07-08,CREC-2002-07-08-pt1-PgH4336-3,RESIGNATION AS MEMBER OF COMMITTEE ON THE BUDGET,CREC-2002-07-08-pt1-PgH4336-3.html,downloaded
2004-06-14,CREC-2004-06-14,CREC-2004-06-14-pt1-PgH3927-4,RESIGNATION AS MEMBER OF COMMITTEE ON RESOURCES,CREC-2004-06-14-pt1-PgH3927-4.html,downloaded
2004-06-16,CREC-2004-06-16,CREC-2004-06-16-pt1-PgH4207-3,RESIGNATION AS MEMBER OF COMMITTEE ON VETERANS' AFFAIRS,CREC-2004-06-16-pt1-PgH4207-3.html,downloaded
2004-09-08,CREC-2004-09-08,CREC-2004-09-08-pt1-PgH6874,RESIGNATION AS MEMBER OF COMMITTEE ON GOVERNMENT REFORM,CREC-2004-09-08-pt1-PgH6874.html,downloaded
2004-09-08,CREC-2004-09-08,CREC-2004-09-08-pt1-PgH6874-2,RESIGNATION AS MEMBER AND APPOINTMENT OF MEMBER TO PERMANENT SELECT COMMITTEE ON INTELLIGENCE,CREC-2004-09-08-pt1-PgH6874-2.html,downloaded
2004-09-08,CREC-2004-09-08,CREC-2004-09-08-pt1-PgH6874-3,RESIGNATION AS CHAIRMAN AND APPOINTMENT OF CHAIRMAN TO PERMANENT SELECT COMMITTEE ON INTELLIGENCE,CREC-2004-09-08-pt1-PgH6874-3.html,downloaded
2004-10-07,CREC-2004-10-07,CREC-2004-10-07-pt2-PgH8851-4,RESIGNATION AS MEMBER OF COMMITTEE ON GOVERNMENT REFORM,CREC-2004-10-07-pt2-PgH8851-4.html,downloaded
2004-09-29,CREC-2004-09-29,CREC-2004-09-29-pt1-PgH7737-5,RESIGNATION AS MEMBER OF CERTAIN STANDING COMMITTEES OF THE HOUSE,CREC-2004-09-29-pt1-PgH7737-5.html,downloaded
2004-06-03,CREC-2004-06-03,CREC-2004-06-03-pt1-PgH3747-6,RESIGNATION AS MEMBER OF COMMITTEE ON AGRICULTURE,CREC-2004-06-03-pt1-PgH3747-6.html,downloaded
2004-04-27,CREC-2004-04-27,CREC-2004-04-27-pt1-PgH2395-5,RESIGNATION AS MEMBER AND APPOINTMENT OF MEMBER TO SELECT COMMITTEE ON HOMELAND SECURITY,CREC-2004-04-27-pt1-PgH2395-5.html,downloaded
2004-03-30,CREC-2004-03-30,CREC-2004-03-30-pt1-PgH1718-5,RESIGNATION AS MEMBER OF COMMITTEE ON AGRICULTURE,CREC-2004-03-30-pt1-PgH1718-5.html,downloaded
2004-03-25,CREC-2004-03-25,CREC-2004-03-25-pt1-PgH1566-3,RESIGNATION AS MEMBER OF COMMITTEE ON INTERNATIONAL RELATIONS,CREC-2004-03-25-pt1-PgH1566-3.html,downloaded
2004-02-26,CREC-2004-02-26,CREC-2004-02-26-pt1-PgH669-5,RESIGNATION AS CHAIRMAN AND ELECTION AS CHAIRMAN OF THE COMMITTEE ON ENERGY AND COMMERCE,CREC-2004-02-26-pt1-PgH669-5.html,downloaded
2004-02-26,CREC-2004-02-26,CREC-2004-02-26-pt1-PgH670,RESIGNATION AS MEMBER OF COMMITTEE ON SCIENCE,CREC-2004-02-26-pt1-PgH670.html,downloaded
2003-06-19,CREC-2003-06-19,CREC-2003-06-19-pt1-PgH5642-3,RESIGNATION AS MEMBER OF COMMITTEE ON RESOURCES,CREC-2003-06-19-pt1-PgH5642-3.html,downloaded
2003-03-05,CREC-2003-03-05,CREC-2003-03-05-pt1-PgH1524,RESIGNATION AS MEMBER OF COMMITTEE ON ARMED SERVICES,CREC-2003-03-05-pt1-PgH1524.html,downloaded
2003-03-04,CREC-2003-03-04,CREC-2003-03-04-pt1-PgH1487-4,RESIGNATION AS MEMBER OF COMMITTEE ON SCIENCE,CREC-2003-03-04-pt1-PgH1487-4.html,downloaded
2003-03-04,CREC-2003-03-04,CREC-2003-03-04-pt1-PgH1487-5,RESIGNATION AS MEMBER OF COMMITTEE ON SMALL BUSINESS,CREC-2003-03-04-pt1-PgH1487-5.html,downloaded
2002-05-16,CREC-2002-05-16,CREC-2002-05-16-pt1-PgH2599,RESIGNATION AS MEMBER OF COMMITTEE ON SCIENCE,CREC-2002-05-16-pt1-PgH2599.html,downloaded
2002-05-16,CREC-2002-05-16,CREC-2002-05-16-pt1-PgH2599-2,RESIGNATION AS MEMBER OF COMMITTEE ON THE JUDICIARY,CREC-2002-05-16-pt1-PgH2599-2.html,downloaded
2002-05-16,CREC-2002-05-16,CREC-2002-05-16-pt1-PgH2599-3,RESIGNATION AS MEMBER OF COMMITTEE ON SCIENCE,CREC-2002-05-16-pt1-PgH2599-3.html,downloaded
2002-04-18,CREC-2002-04-18,CREC-2002-04-18-pt1-PgH1453-2,RESIGNATION AS MEMBER OF COMMITTEE ON TRANSPORTATION AND INFRASTRUCTURE,CREC-2002-04-18-pt1-PgH1453-2.html,downloaded
2002-04-11,CREC-2002-04-11,CREC-2002-04-11-pt1-PgH1269-2,RESIGNATION AS MEMBER OF PERMANENT SELECT COMMITTEE ON INTELLIGENCE,CREC-2002-04-11-pt1-PgH1269-2.html,downloaded
2002-02-26,CREC-2002-02-26,CREC-2002-02-26-pt1-PgH535-3,RESIGNATION AS MEMBER OF COMMITTEE ON INTERNATIONAL RELATIONS,CREC-2002-02-26-pt1-PgH535-3.html,downloaded
2017-06-13,CREC-2017-06-13,CREC-2017-06-13-pt1-PgH4867-5,RESIGNATION AS CHAIRMAN OF COMMITTEE ON OVERSIGHT AND GOVERNMENT REFORM,CREC-2017-06-13-pt1-PgH4867-5.html,downloaded
2025-07-02,CREC-2025-07-02,CREC-2025-07-02-pt1-PgH3039-6,RESIGNATION AS MEMBER OF COMMITTEE ON HOMELAND SECURITY,CREC-2025-07-02-pt1-PgH3039-6.html,downloaded
2005-05-05,CREC-2005-05-05,CREC-2005-05-05-pt1-PgH3042,RESIGNATION AS MEMBER FROM CERTAIN STANDING COMMITTEES OF THE HOUSE,CREC-2005-05-05-pt1-PgH3042.html,downloaded
2003-02-13,CREC-2003-02-13,CREC-2003-02-13-pt2-PgH675-3,RESIGNATION AS MEMBER OF COMMITTEE ON SCIENCE,CREC-2003-02-13-pt2-PgH675-3.html,downloaded
1997-08-01,CREC-1997-08-01,CREC-1997-08-01-pt1-PgH6709-5,RESIGNATION AS MEMBER OF COMMITTEE ON INTERNATIONAL RELATIONS,CREC-1997-08-01-pt1-PgH6709-5.html,downloaded
2017-01-13,CREC-2017-01-13,CREC-2017-01-13-pt1-PgH532-4,RESIGNATION AS MEMBER OF COMMITTEE ON OVERSIGHT AND GOVERNMENT REFORM,CREC-2017-01-13-pt1-PgH532-4.html,downloaded
2017-01-13,CREC-2017-01-13,CREC-2017-01-13-pt1-PgH532-5,RESIGNATION AS MEMBER OF COMMITTEE ON OVERSIGHT AND GOVERNMENT REFORM,CREC-2017-01-13-pt1-PgH532-5.html,downloaded
2022-09-02,CREC-2022-09-02,CREC-2022-09-02-pt1-PgH7733-6,RESIGNATION AS MEMBER OF COMMITTEE ON THE BUDGET,CREC-2022-09-02-pt1-PgH7733-6.html,downloaded
2003-02-05,CREC-2003-02-05,CREC-2003-02-05-pt1-PgH313-2,RESIGNATION AS MEMBER OF COMMITTEE ON RESOURCES,CREC-2003-02-05-pt1-PgH313-2.html,downloaded
2003-02-05,CREC-2003-02-05,CREC-2003-02-05-pt1-PgH313-3,RESIGNATION AS MEMBER OF COMMITTEE ON RESOURCES,CREC-2003-02-05-pt1-PgH313-3.html,downloaded
2003-02-05,CREC-2003-02-05,CREC-2003-02-05-pt1-PgH313-4,RESIGNATION AS MEMBER OF COMMITTEE ON SCIENCE,CREC-2003-02-05-pt1-PgH313-4.html,downloaded
2003-02-05,CREC-2003-02-05,CREC-2003-02-05-pt1-PgH313-5,RESIGNATION AS MEMBER OF COMMITTEE ON AGRICULTURE,CREC-2003-02-05-pt1-PgH313-5.html,downloaded
2003-02-05,CREC-2003-02-05,CREC-2003-02-05-pt1-PgH313-6,RESIGNATION AS MEMBER OF COMMITTEE ON AGRICULTURE,CREC-2003-02-05-pt1-PgH313-6.html,downloaded
2003-02-05,CREC-2003-02-05,CREC-2003-02-05-pt1-PgH313-7,RESIGNATION AS MEMBER OF COMMITTEE ON RESOURCES,CREC-2003-02-05-pt1-PgH313-7.html,downloaded
2003-02-05,CREC-2003-02-05,CREC-2003-02-05-pt1-PgH313-8,RESIGNATION AS MEMBER OF COMMITTEE ON FINANCIAL SERVICES,CREC-2003-02-05-pt1-PgH313-8.html,downloaded
2003-02-05,CREC-2003-02-05,CREC-2003-02-05-pt1-PgH313-9,RESIGNATION AS MEMBER OF COMMITTEE ON SCIENCE,CREC-2003-02-05-pt1-PgH313-9.html,downloaded
2003-02-05,CREC-2003-02-05,CREC-2003-02-05-pt1-PgH313-10,RESIGNATION AS MEMBER OF COMMITTEE ON GOVERNMENT REFORM,CREC-2003-02-05-pt1-PgH313-10.html,downloaded
2009-06-26,CREC-2009-06-26,CREC-2009-06-26-pt1-PgH7451-3,RESIGNATION AS MEMBER OF COMMITTEE ON TRANSPORTATION AND INFRASTRUCTURE,CREC-2009-06-26-pt1-PgH7451-3.html,error: [Errno 2] No such file or directory: 'cr_resignations/CREC-2009-06-26-pt1-PgH7451-3.html'
2019-11-08,CREC-2019-11-08,CREC-2019-11-08-pt1-PgH8731-8,RESIGNATION AS MEMBER OF PERMANENT SELECT COMMITTEE ON INTELLIGENCE,CREC-2019-11-08-pt1-PgH8731-8.html,error: [Errno 2] No such file or directory: 'cr_resignations/CREC-2019-11-08-pt1-PgH8731-8.html'
2003-02-12,CREC-2003-02-12,CREC-2003-02-12-pt1-PgH406,RESIGNATION AS MEMBER OF COMMITTEE ON EDUCATION AND THE WORKFORCE,CREC-2003-02-12-pt1-PgH406.html,error: [Errno 2] No such file or directory: 'cr_resignations/CREC-2003-02-12-pt1-PgH406.html'
2003-02-12,CREC-2003-02-12,CREC-2003-02-12-pt1-PgH406-2,RESIGNATION AS MEMBER OF COMMITTEE ON SCIENCE,CREC-2003-02-12-pt1-PgH406-2.html,error: [Errno 2] No such file or directory: 'cr_resignations/CREC-2003-02-12-pt1-PgH406-2.html'
2003-02-12,CREC-2003-02-12,CREC-2003-02-12-pt1-PgH407,RESIGNATION AS MEMBER OF COMMITTEE ON VETERANS' AFFAIRS,CREC-2003-02-12-pt1-PgH407.html,error: [Errno 2] No such file or directory: 'cr_resignations/CREC-2003-02-12-pt1-PgH407.html'
2003-02-12,CREC-2003-02-12,CREC-2003-02-12-pt1-PgH454,RESIGNATION AS MEMBER OF COMMITTEE ON SCIENCE,CREC-2003-02-12-pt1-PgH454.html,error: [Errno 2] No such file or directory: 'cr_resignations/CREC-2003-02-12-pt1-PgH454.html'
2003-02-12,CREC-2003-02-12,CREC-2003-02-12-pt1-PgH454-2,RESIGNATION AS MEMBER OF COMMITTEE ON SMALL BUSINESS,CREC-2003-02-12-pt1-PgH454-2.html,error: [Errno 2] No such file or directory: 'cr_resignations/CREC-2003-02-12-pt1-PgH454-2.html'
2003-02-12,CREC-2003-02-12,CREC-2003-02-12-pt1-PgH454-3,RESIGNATION AS MEMBER OF COMMITTEE ON SMALL BUSINESS,CREC-2003-02-12-pt1-PgH454-3.html,error: [Errno 2] No such file or directory: 'cr_resignations/CREC-2003-02-12-pt1-PgH454-3.html'
2003-02-12,CREC-2003-02-12,CREC-2003-02-12-pt1-PgH454-4,RESIGNATION AS MEMBER OF COMMITTEE ON SCIENCE,CREC-2003-02-12-pt1-PgH454-4.html,error: [Errno 2] No such file or directory: 'cr_resignations/CREC-2003-02-12-pt1-PgH454-4.html'
2003-02-12,CREC-2003-02-12,CREC-2003-02-12-pt1-PgH455,RESIGNATION AS MEMBER OF COMMITTEE ON ARMED SERVICES,CREC-2003-02-12-pt1-PgH455.html,error: [Errno 2] No such file or directory: 'cr_resignations/CREC-2003-02-12-pt1-PgH455.html'
2003-02-12,CREC-2003-02-12,CREC-2003-02-12-pt1-PgH455-2,RESIGNATION AS MEMBER OF COMMITTEE ON GOVERNMENT REFORM,CREC-2003-02-12-pt1-PgH455-2.html,error: [Errno 2] No such file or directory: 'cr_resignations/CREC-2003-02-12-pt1-PgH455-2.html'
2003-02-12,CREC-2003-02-12,CREC-2003-02-12-pt1-PgH455-3,RESIGNATION AS MEMBER OF COMMITTEE ON RESOURCES,CREC-2003-02-12-pt1-PgH455-3.html,error: [Errno 2] No such file or directory: 'cr_resignations/CREC-2003-02-12-pt1-PgH455-3.html'
2003-02-12,CREC-2003-02-12,CREC-2003-02-12-pt1-PgH455-4,RESIGNATION AS MEMBER OF COMMITTEE ON THE BUDGET,CREC-2003-02-12-pt1-PgH455-4.html,error: [Errno 2] No such file or directory: 'cr_resignations/CREC-2003-02-12-pt1-PgH455-4.html'
2003-02-12,CREC-2003-02-12,CREC-2003-02-12-pt1-PgH455-5,RESIGNATION AS MEMBER OF COMMITTEE ON AGRICULTURE,CREC-2003-02-12-pt1-PgH455-5.html,error: [Errno 2] No such file or directory: 'cr_resignations/CREC-2003-02-12-pt1-PgH455-5.html'
2003-02-12,CREC-2003-02-12,CREC-2003-02-12-pt1-PgH455-6,RESIGNATION AS MEMBER OF COMMITTEE ON SMALL BUSINESS,CREC-2003-02-12-pt1-PgH455-6.html,error: [Errno 2] No such file or directory: 'cr_resignations/CREC-2003-02-12-pt1-PgH455-6.html'
2003-02-12,CREC-2003-02-12,CREC-2003-02-12-pt1-PgH455-7,RESIGNATION AS MEMBER OF COMMITTEE ON EDUCATION AND THE WORKFORCE,CREC-2003-02-12-pt1-PgH455-7.html,error: [Errno 2] No such file or directory: 'cr_resignations/CREC-2003-02-12-pt1-PgH455-7.html'
2003-02-12,CREC-2003-02-12,CREC-2003-02-12-pt1-PgH455-8,RESIGNATION AS MEMBER OF COMMITTEE ON SMALL BUSINESS,CREC-2003-02-12-pt1-PgH455-8.html,error: [Errno 2] No such file or directory: 'cr_resignations/CREC-2003-02-12-pt1-PgH455-8.html'
2003-02-12,CREC-2003-02-12,CREC-2003-02-12-pt1-PgH455-9,RESIGNATION AS MEMBER OF COMMITTEE ON SMALL BUSINESS,CREC-2003-02-12-pt1-PgH455-9.html,error: [Errno 2] No such file or directory: 'cr_resignations/CREC-2003-02-12-pt1-PgH455-9.html'
2003-02-12,CREC-2003-02-12,CREC-2003-02-12-pt1-PgH456,RESIGNATION AS MEMBER OF COMMITTEE ON RESOURCES,CREC-2003-02-12-pt1-PgH456.html,error: [Errno 2] No such file or directory: 'cr_resignations/CREC-2003-02-12-pt1-PgH456.html'
2020-05-08,CREC-2020-05-08,CREC-2020-05-08-pt1-PgH1981-8,RESIGNATION AS MEMBER OF COMMITTEE ON OVERSIGHT AND REFORM,CREC-2020-05-08-pt1-PgH1981-8.html,error: [Errno 2] No such file or directory: 'cr_resignations/CREC-2020-05-08-pt1-PgH1981-8.html'
2020-05-08,CREC-2020-05-08,CREC-2020-05-08-pt1-PgH1982,RESIGNATION AS MEMBER OF COMMITTEE ON SMALL BUSINESS,CREC-2020-05-08-pt1-PgH1982.html,error: [Errno 2] No such file or directory: 'cr_resignations/CREC-2020-05-08-pt1-PgH1982.html'
1997-03-21,CREC-1997-03-21,CREC-1997-03-21-pt1-PgH1280-5,RESIGNATION AS MEMBER OF COMMITTEE ON SMALL BUSINESS,CREC-1997-03-21-pt1-PgH1280-5.html,error: [Errno 2] No such file or directory: 'cr_resignations/CREC-1997-03-21-pt1-PgH1280-5.html'
2004-01-21,CREC-2004-01-21,CREC-2004-01-21-pt1-PgH61-4,"RESIGNATION AS MEMBER OF COMMITTEE ON FINANCIAL SERVICES, SELECT COMMITTEE ON HOMELAND SECURITY AND COMMITTEE ON SMALL BUSINESS",CREC-2004-01-21-pt1-PgH61-4.html,error: [Errno 2] No such file or directory: 'cr_resignations/CREC-2004-01-21-pt1-PgH61-4.html'
2002-03-20,CREC-2002-03-20,CREC-2002-03-20-pt1-PgH1073-5,"RESIGNATION AS MEMBER OF COMMITTEE ON AGRICULTURE, COMMITTEE ON BUDGET, AND COMMITTEE ON EDUCATION AND THE WORKFORCE",CREC-2002-03-20-pt1-PgH1073-5.html,downloaded
2020-04-22,CREC-2020-04-22,CREC-2020-04-22-pt1-PgH1903-7,RESIGNATION AS MEMBER OF COMMITTEE ON RULES,CREC-2020-04-22-pt1-PgH1903-7.html,downloaded
1996-10-04,CREC-1996-10-04,CREC-1996-10-04-pt1-PgH12274-4,RESIGNATION AS MEMBER AND APPOINTMENT OF MEMBER TO PERMANENT SELECT COMMITTEE ON INTELLIGENCE,CREC-1996-10-04-pt1-PgH12274-4.html,downloaded
2009-01-20,CREC-2009-01-20,CREC-2009-01-20-pt1-PgH389-6,RESIGNATION AS MEMBER OF COMMITTEES ON TRANSPORTATION AND INFRASTRUCTURE AND VETERANS' AFFAIRS,CREC-2009-01-20-pt1-PgH389-6.html,downloaded
2009-01-20,CREC-2009-01-20,CREC-2009-01-20-pt1-PgH389-7,RESIGNATION AS MEMBER OF COMMITTEE ON THE BUDGET,CREC-2009-01-20-pt1-PgH389-7.html,downloaded
2021-03-19,CREC-2021-03-19,CREC-2021-03-19-pt1-PgH1605-3,RESIGNATION AS MEMBER OF JOINT ECONOMIC COMMITTEE,CREC-2021-03-19-pt1-PgH1605-3.html,downloaded
2024-02-14,CREC-2024-02-14,CREC-2024-02-14-pt1-PgH626,RESIGNATION AS MEMBER OF COMMITTEE ON OVERSIGHT AND ACCOUNTABILITY,CREC-2024-02-14-pt1-PgH626.html,downloaded
1994-05-19,CREC-1994-05-19,CREC-1994-05-19-pt1-PgH44,"TEMPORARY RESIGNATIONS AS MEMBERS OF COMMITTEE ON SCIENCE, SPACE, AND TECHNOLOGY",CREC-1994-05-19-pt1-PgH44.html,downloaded
2007-07-27,CREC-2007-07-27,CREC-2007-07-27-pt1-PgH8813-3,RESIGNATION AS MEMBER OF COMMITTEE ON HOMELAND SECURITY,CREC-2007-07-27-pt1-PgH8813-3.html,downloaded
2003-02-27,CREC-2003-02-27,CREC-2003-02-27-pt1-PgH1440-3,RESIGNATION AS MEMBER OF COMMITTEE ON SMALL BUSINESS,CREC-2003-02-27-pt1-PgH1440-3.html,downloaded
2004-01-28,CREC-2004-01-28,CREC-2004-01-28-pt1-PgH222,RESIGNATION AS MEMBER OF CERTAIN STANDING COMMITTEES OF THE HOUSE,CREC-2004-01-28-pt1-PgH222.html,downloaded
2004-01-28,CREC-2004-01-28,CREC-2004-01-28-pt1-PgH222-2,RESIGNATION AS MEMBER OF COMMITTEE ON ENERGY AND COMMERCE,CREC-2004-01-28-pt1-PgH222-2.html,downloaded
2004-01-28,CREC-2004-01-28,CREC-2004-01-28-pt1-PgH222-3,RESIGNATION AS MEMBER OF COMMITTEE ON SCIENCE AND COMMITTEE ON GOVERNMENT REFORM,CREC-2004-01-28-pt1-PgH222-3.html,downloaded
2022-01-25,CREC-2022-01-25,CREC-2022-01-25-pt1-PgH297-6,RESIGNATION AS MEMBER OF COMMITTEE ON VETERANS' AFFAIRS,CREC-2022-01-25-pt1-PgH297-6.html,downloaded
2022-01-25,CREC-2022-01-25,CREC-2022-01-25-pt1-PgH297-7,RESIGNATION AS MEMBER OF COMMITTEE ON EDUCATION AND LABOR,CREC-2022-01-25-pt1-PgH297-7.html,downloaded
2018-08-24,CREC-2018-08-24,CREC-2018-08-24-pt1-PgH7761-6,"RESIGNATIONS AS MEMBER OF COMMITTEE ON ARMED SERVICES, COMMITTEE ON EDUCATION AND THE WORKFORCE, AND COMMITTEE ON TRANSPORTATION AND INFRASTRUCTURE",CREC-2018-08-24-pt1-PgH7761-6.html,downloaded
2015-03-13,CREC-2015-03-13,CREC-2015-03-13-pt1-PgH1630-2,RESIGNATION AS MEMBER OF COMMITTEE ON APPROPRIATIONS,CREC-2015-03-13-pt1-PgH1630-2.html,downloaded
2023-02-08,CREC-2023-02-08,CREC-2023-02-08-pt1-PgH762,RESIGNATION AS MEMBER OF COMMITTEE ON FOREIGN AFFAIRS,CREC-2023-02-08-pt1-PgH762.html,downloaded
2023-02-08,CREC-2023-02-08,CREC-2023-02-08-pt1-PgH762-2,RESIGNATION AS MEMBER OF COMMITTEE ON FOREIGN AFFAIRS,CREC-2023-02-08-pt1-PgH762-2.html,downloaded
2003-02-26,CREC-2003-02-26,CREC-2003-02-26-pt1-PgH1337-6,RESIGNATION AS MEMBER OF COMMITTEE ON STANDARDS OF OFFICIAL CONDUCT,CREC-2003-02-26-pt1-PgH1337-6.html,downloaded
2018-08-10,CREC-2018-08-10,CREC-2018-08-10-pt1-PgH7749-6,RESIGNATION AS MEMBER OF COMMITTEE ON ENERGY AND COMMERCE,CREC-2018-08-10-pt1-PgH7749-6.html,downloaded
2014-02-21,CREC-2014-02-21,CREC-2014-02-21-pt1-PgH1781-6,RESIGNATION AS MEMBER OF COMMITTEE ON THE BUDGET,CREC-2014-02-21-pt1-PgH1781-6.html,downloaded
2008-01-15,CREC-2008-01-15,CREC-2008-01-15-pt1-PgH5-2,RESIGNATION AS MEMBER OF COMMITTEE ON FOREIGN AFFAIRS,CREC-2008-01-15-pt1-PgH5-2.html,downloaded
2017-02-07,CREC-2017-02-07,CREC-2017-02-07-pt1-PgH1031,RESIGNATIONS AS MEMBER OF COMMITTEE ON THE JUDICIARY AND COMMITTEE ON SMALL BUSINESS,CREC-2017-02-07-pt1-PgH1031.html,downloaded
1997-04-17,CREC-1997-04-17,CREC-1997-04-17-pt1-PgH1684,RESIGNATION AS MEMBER OF COMMITTEE ON GOVERNMENT REFORM AND OVERSIGHT,CREC-1997-04-17-pt1-PgH1684.html,downloaded
1997-04-17,CREC-1997-04-17,CREC-1997-04-17-pt1-PgH1684-2,RESIGNATION AS MEMBER OF COMMITTEE ON RESOURCES,CREC-1997-04-17-pt1-PgH1684-2.html,downloaded
1997-04-17,CREC-1997-04-17,CREC-1997-04-17-pt1-PgH1684-3,RESIGNATION AS MEMBER OF COMMITTEE ON SCIENCE,CREC-1997-04-17-pt1-PgH1684-3.html,downloaded
1998-05-07,CREC-1998-05-07,CREC-1998-05-07-pt1-PgH2938-2,RESIGNATION FROM COMMITTEE ON EDUCATION AND WORKFORCE,CREC-1998-05-07-pt1-PgH2938-2.html,downloaded
2011-10-25,CREC-2011-10-25,CREC-2011-10-25-pt1-PgH7023-6,RESIGNATION AS MEMBER OF COMMITTEE ON NATURAL RESOURCES,CREC-2011-10-25-pt1-PgH7023-6.html,downloaded
2013-01-14,CREC-2013-01-14,CREC-2013-01-14-pt1-PgH64-6,RESIGNATION AS MEMBER OF COMMITTEE ON APPROPRIATIONS,CREC-2013-01-14-pt1-PgH64-6.html,downloaded
2013-01-14,CREC-2013-01-14,CREC-2013-01-14-pt1-PgH64-7,RESIGNATION AS MEMBER OF COMMITTEE ON APPROPRIATIONS,CREC-2013-01-14-pt1-PgH64-7.html,downloaded
2013-01-14,CREC-2013-01-14,CREC-2013-01-14-pt1-PgH64-8,RESIGNATIONS AS MEMBER OF COMMITTEES ON THE JUDICIARY AND OVERSIGHT AND GOVERNMENT REFORM,CREC-2013-01-14-pt1-PgH64-8.html,downloaded
2013-01-14,CREC-2013-01-14,CREC-2013-01-14-pt1-PgH65,RESIGNATIONS AS MEMBER OF COMMITTEES ON ARMED SERVICES AND AGRICULTURE,CREC-2013-01-14-pt1-PgH65.html,downloaded
2013-01-14,CREC-2013-01-14,CREC-2013-01-14-pt1-PgH65-2,RESIGNATION AS MEMBER OF COMMITTEE ON FINANCIAL SERVICES,CREC-2013-01-14-pt1-PgH65-2.html,downloaded
2013-01-14,CREC-2013-01-14,CREC-2013-01-14-pt1-PgH65-3,RESIGNATION AS MEMBER OF COMMITTEE ON HOMELAND SECURITY,CREC-2013-01-14-pt1-PgH65-3.html,downloaded
2013-01-14,CREC-2013-01-14,CREC-2013-01-14-pt1-PgH65-4,RESIGNATION AS MEMBER OF COMMITTEE ON THE BUDGET,CREC-2013-01-14-pt1-PgH65-4.html,downloaded
1999-06-25,CREC-1999-06-25,CREC-1999-06-25-pt1-PgH4988-4,RESIGNATION AS MEMBER OF COMMITTEE ON THE JUDICIARY,CREC-1999-06-25-pt1-PgH4988-4.html,downloaded
1999-06-25,CREC-1999-06-25,CREC-1999-06-25-pt1-PgH4988-5,RESIGNATION AS MEMBER OF COMMITTEE ON TRANSPORTATION AND INFRASTRUCTURE,CREC-1999-06-25-pt1-PgH4988-5.html,downloaded
1999-06-25,CREC-1999-06-25,CREC-1999-06-25-pt1-PgH4988-6,RESIGNATION AS MEMBER OF COMMITTEE ON GOVERNMENT REFORM AND OVERSIGHT,CREC-1999-06-25-pt1-PgH4988-6.html,downloaded
2013-10-15,CREC-2013-10-15,CREC-2013-10-15-pt1-PgH6603-6,RESIGNATION AS MEMBER OF COMMITTEE ON EDUCATION AND THE WORKFORCE,CREC-2013-10-15-pt1-PgH6603-6.html,downloaded
